{"v":"5.1.12","fr":60,"ip":0,"op":90,"w":24,"h":24,"nm":"语音黄色1","ddd":0,"assets":[{"id":"image_0","w":8,"h":22,"u":"images/","p":"img_0.png"},{"id":"image_1","w":6,"h":16,"u":"images/","p":"img_1.png"},{"id":"image_2","w":24,"h":24,"u":"images/","p":"img_2.png"}],"layers":[{"ddd":0,"ind":1,"ty":2,"nm":"r3","refId":"image_0","sr":1,"ks":{"o":{"a":1,"k":[{"i":{"x":[0.833],"y":[0.833]},"o":{"x":[0.167],"y":[0.167]},"n":["0p833_0p833_0p167_0p167"],"t":0,"s":[0],"e":[0]},{"i":{"x":[0.833],"y":[0.833]},"o":{"x":[0.167],"y":[0.167]},"n":["0p833_0p833_0p167_0p167"],"t":30,"s":[0],"e":[100]},{"t":60}],"ix":11},"r":{"a":0,"k":0,"ix":10},"p":{"a":0,"k":[8,12,0],"ix":2},"a":{"a":0,"k":[4,11,0],"ix":1},"s":{"a":0,"k":[100,100,100],"ix":6}},"ao":0,"hasMask":true,"masksProperties":[{"inv":false,"mode":"n","pt":{"a":0,"k":{"i":[[5.216,5.216],[-5.216,5.216]],"o":[[-5.216,-5.216],[5.216,-5.216]],"v":[[5.555,20.445],[5.555,1.555]],"c":true},"ix":1},"o":{"a":0,"k":100,"ix":3},"x":{"a":0,"k":0,"ix":4},"nm":"蒙版 1"}],"ip":0,"op":90,"st":0,"bm":0},{"ddd":0,"ind":2,"ty":2,"nm":"r2","refId":"image_1","sr":1,"ks":{"o":{"a":1,"k":[{"i":{"x":[0.833],"y":[0.833]},"o":{"x":[0.167],"y":[0.167]},"n":["0p833_0p833_0p167_0p167"],"t":0,"s":[0],"e":[100]},{"t":30}],"ix":11},"r":{"a":0,"k":0,"ix":10},"p":{"a":0,"k":[12,12,0],"ix":2},"a":{"a":0,"k":[3,8,0],"ix":1},"s":{"a":0,"k":[100,100,100],"ix":6}},"ao":0,"hasMask":true,"masksProperties":[{"inv":false,"mode":"n","pt":{"a":0,"k":{"i":[[3.124,3.124],[-3.124,3.124]],"o":[[-3.124,-3.124],[3.124,-3.124]],"v":[[4.343,13.657],[4.343,2.343]],"c":true},"ix":1},"o":{"a":0,"k":100,"ix":3},"x":{"a":0,"k":0,"ix":4},"nm":"蒙版 1"}],"ip":0,"op":90,"st":0,"bm":0},{"ddd":0,"ind":3,"ty":2,"nm":"r1","refId":"image_2","sr":1,"ks":{"o":{"a":0,"k":100,"ix":11},"r":{"a":0,"k":0,"ix":10},"p":{"a":0,"k":[12,12,0],"ix":2},"a":{"a":0,"k":[12,12,0],"ix":1},"s":{"a":0,"k":[100,100,100],"ix":6}},"ao":0,"hasMask":true,"masksProperties":[{"inv":false,"mode":"a","pt":{"a":0,"k":{"i":[[-1.381,0],[0,-1.381],[1.381,0],[0,1.381]],"o":[[1.381,0],[0,1.381],[-1.381,0],[0,-1.381]],"v":[[18.5,10],[21,12.5],[18.5,15],[16,12.5]],"c":true},"ix":1},"o":{"a":0,"k":100,"ix":3},"x":{"a":0,"k":0,"ix":4},"nm":"蒙版 1"}],"ip":0,"op":90,"st":0,"bm":0}],"markers":[]}