{"v":"5.6.10","fr":60,"ip":0,"op":40,"w":176,"h":176,"nm":"来遇-自己看自己","ddd":0,"assets":[],"layers":[{"ddd":0,"ind":1,"ty":4,"nm":"8","sr":1,"ks":{"o":{"a":0,"k":100,"ix":11},"r":{"a":0,"k":0,"ix":10},"p":{"a":0,"k":[124,88,0],"ix":2},"a":{"a":0,"k":[0,0,0],"ix":1},"s":{"a":1,"k":[{"i":{"x":[0.667,0.667,0.667],"y":[1,1,1]},"o":{"x":[0.333,0.333,0.333],"y":[0,0,0]},"t":0,"s":[100,100,100],"e":[100,200,100]},{"i":{"x":[0.667,0.667,0.667],"y":[1,1,1]},"o":{"x":[0.333,0.333,0.333],"y":[0,0,0]},"t":20,"s":[100,200,100],"e":[100,100,100]},{"t":40}],"ix":6}},"ao":0,"shapes":[{"ty":"gr","it":[{"ty":"rc","d":1,"s":{"a":0,"k":[6,16],"ix":2,"x":"var $bm_rt;\nvar _0x13f6 = [\n        'abs',\n        'ADBE Transform Group',\n        'ADBE Scale'\n    ];\nvar _0xdf91 = function (_0x152955, _0x49d479) {\n    _0x152955 = _0x152955 - 0;\n    var _0x54bfa2 = _0x13f6[_0x152955];\n    return _0x54bfa2;\n};\nvar _0x2b97e9 = Math[_0xdf91('0x0')](thisLayer(_0xdf91('0x1'))(_0xdf91('0x2'))[0]);\nvar _0xf525cd = Math[_0xdf91('0x0')](thisLayer(_0xdf91('0x1'))(_0xdf91('0x2'))[1]);\n$bm_rt = [\n    value[0] * (_0x2b97e9 / 100),\n    value[1] * (_0xf525cd / 100)\n];"},"p":{"a":0,"k":[0,0],"ix":3},"r":{"a":0,"k":2,"ix":4},"nm":"矩形路径 1","mn":"ADBE Vector Shape - Rect","hd":false},{"ty":"fl","c":{"a":0,"k":[0.2,0.2,0.2,1],"ix":4},"o":{"a":0,"k":100,"ix":5},"r":1,"bm":0,"nm":"填充 1","mn":"ADBE Vector Graphic - Fill","hd":false},{"ty":"tr","p":{"a":0,"k":[0,0],"ix":2},"a":{"a":0,"k":[0,0],"ix":1},"s":{"a":0,"k":[200,200],"ix":3,"x":"var $bm_rt;\nvar _0xfe52 = [\n        'ADBE Transform Group',\n        'ADBE Scale',\n        'abs'\n    ];\nvar _0x68d6 = function (_0x22f713, _0x7a951f) {\n    _0x22f713 = _0x22f713 - 0;\n    var _0x259bae = _0xfe52[_0x22f713];\n    return _0x259bae;\n};\nvar _0xc6057e = Math['abs'](thisLayer(_0x68d6('0x0'))(_0x68d6('0x1'))[0]);\nvar _0x14b59e = Math[_0x68d6('0x2')](thisLayer(_0x68d6('0x0'))(_0x68d6('0x1'))[1]);\nif (_0xc6057e > 0 && _0x14b59e > 0) {\n    $bm_rt = [\n        value[0] / _0xc6057e * 100,\n        value[1] / _0x14b59e * 100\n    ];\n} else {\n    $bm_rt = [\n        0,\n        0\n    ];\n}"},"r":{"a":0,"k":0,"ix":6},"o":{"a":0,"k":100,"ix":7},"sk":{"a":0,"k":0,"ix":4},"sa":{"a":0,"k":0,"ix":5},"nm":"变换"}],"nm":"矩形复制 11","np":2,"cix":2,"bm":0,"ix":1,"mn":"ADBE Vector Group","hd":false}],"ip":0,"op":40,"st":0,"bm":0},{"ddd":0,"ind":2,"ty":4,"nm":"7","sr":1,"ks":{"o":{"a":0,"k":100,"ix":11},"r":{"a":0,"k":0,"ix":10},"p":{"a":0,"k":[100,88,0],"ix":2},"a":{"a":0,"k":[0,0,0],"ix":1},"s":{"a":1,"k":[{"i":{"x":[0.667,0.667,0.667],"y":[1,1,1]},"o":{"x":[0.333,0.333,0.333],"y":[0,0,0]},"t":0,"s":[100,100,100],"e":[100,30,100]},{"i":{"x":[0.667,0.667,0.667],"y":[1,1,1]},"o":{"x":[0.333,0.333,0.333],"y":[0,0,0]},"t":20,"s":[100,30,100],"e":[100,100,100]},{"t":40}],"ix":6}},"ao":0,"shapes":[{"ty":"gr","it":[{"ty":"rc","d":1,"s":{"a":0,"k":[6,32],"ix":2,"x":"var $bm_rt;\nvar _0x13f6 = [\n        'abs',\n        'ADBE Transform Group',\n        'ADBE Scale'\n    ];\nvar _0xdf91 = function (_0x152955, _0x49d479) {\n    _0x152955 = _0x152955 - 0;\n    var _0x54bfa2 = _0x13f6[_0x152955];\n    return _0x54bfa2;\n};\nvar _0x2b97e9 = Math[_0xdf91('0x0')](thisLayer(_0xdf91('0x1'))(_0xdf91('0x2'))[0]);\nvar _0xf525cd = Math[_0xdf91('0x0')](thisLayer(_0xdf91('0x1'))(_0xdf91('0x2'))[1]);\n$bm_rt = [\n    value[0] * (_0x2b97e9 / 100),\n    value[1] * (_0xf525cd / 100)\n];"},"p":{"a":0,"k":[0,0],"ix":3},"r":{"a":0,"k":2,"ix":4},"nm":"矩形路径 1","mn":"ADBE Vector Shape - Rect","hd":false},{"ty":"fl","c":{"a":0,"k":[0.2,0.2,0.2,1],"ix":4},"o":{"a":0,"k":100,"ix":5},"r":1,"bm":0,"nm":"填充 1","mn":"ADBE Vector Graphic - Fill","hd":false},{"ty":"tr","p":{"a":0,"k":[0,0],"ix":2},"a":{"a":0,"k":[0,0],"ix":1},"s":{"a":0,"k":[200,200],"ix":3,"x":"var $bm_rt;\nvar _0xfe52 = [\n        'ADBE Transform Group',\n        'ADBE Scale',\n        'abs'\n    ];\nvar _0x68d6 = function (_0x22f713, _0x7a951f) {\n    _0x22f713 = _0x22f713 - 0;\n    var _0x259bae = _0xfe52[_0x22f713];\n    return _0x259bae;\n};\nvar _0xc6057e = Math['abs'](thisLayer(_0x68d6('0x0'))(_0x68d6('0x1'))[0]);\nvar _0x14b59e = Math[_0x68d6('0x2')](thisLayer(_0x68d6('0x0'))(_0x68d6('0x1'))[1]);\nif (_0xc6057e > 0 && _0x14b59e > 0) {\n    $bm_rt = [\n        value[0] / _0xc6057e * 100,\n        value[1] / _0x14b59e * 100\n    ];\n} else {\n    $bm_rt = [\n        0,\n        0\n    ];\n}"},"r":{"a":0,"k":0,"ix":6},"o":{"a":0,"k":100,"ix":7},"sk":{"a":0,"k":0,"ix":4},"sa":{"a":0,"k":0,"ix":5},"nm":"变换"}],"nm":"矩形复制 10","np":2,"cix":2,"bm":0,"ix":1,"mn":"ADBE Vector Group","hd":false}],"ip":0,"op":40,"st":0,"bm":0},{"ddd":0,"ind":3,"ty":4,"nm":"6","sr":1,"ks":{"o":{"a":0,"k":100,"ix":11},"r":{"a":0,"k":0,"ix":10},"p":{"a":0,"k":[76,88,0],"ix":2},"a":{"a":0,"k":[0,0,0],"ix":1},"s":{"a":1,"k":[{"i":{"x":[0.667,0.667,0.667],"y":[1,1,1]},"o":{"x":[0.333,0.333,0.333],"y":[0,0,0]},"t":0,"s":[100,100,100],"e":[100,210,100]},{"i":{"x":[0.667,0.667,0.667],"y":[1,1,1]},"o":{"x":[0.333,0.333,0.333],"y":[0,0,0]},"t":20,"s":[100,210,100],"e":[100,100,100]},{"t":40}],"ix":6}},"ao":0,"shapes":[{"ty":"gr","it":[{"ty":"rc","d":1,"s":{"a":0,"k":[6,20],"ix":2,"x":"var $bm_rt;\nvar _0x13f6 = [\n        'abs',\n        'ADBE Transform Group',\n        'ADBE Scale'\n    ];\nvar _0xdf91 = function (_0x152955, _0x49d479) {\n    _0x152955 = _0x152955 - 0;\n    var _0x54bfa2 = _0x13f6[_0x152955];\n    return _0x54bfa2;\n};\nvar _0x2b97e9 = Math[_0xdf91('0x0')](thisLayer(_0xdf91('0x1'))(_0xdf91('0x2'))[0]);\nvar _0xf525cd = Math[_0xdf91('0x0')](thisLayer(_0xdf91('0x1'))(_0xdf91('0x2'))[1]);\n$bm_rt = [\n    value[0] * (_0x2b97e9 / 100),\n    value[1] * (_0xf525cd / 100)\n];"},"p":{"a":0,"k":[0,0],"ix":3},"r":{"a":0,"k":2,"ix":4},"nm":"矩形路径 1","mn":"ADBE Vector Shape - Rect","hd":false},{"ty":"fl","c":{"a":0,"k":[0.2,0.2,0.2,1],"ix":4},"o":{"a":0,"k":100,"ix":5},"r":1,"bm":0,"nm":"填充 1","mn":"ADBE Vector Graphic - Fill","hd":false},{"ty":"tr","p":{"a":0,"k":[0,0],"ix":2},"a":{"a":0,"k":[0,0],"ix":1},"s":{"a":0,"k":[200,200],"ix":3,"x":"var $bm_rt;\nvar _0xfe52 = [\n        'ADBE Transform Group',\n        'ADBE Scale',\n        'abs'\n    ];\nvar _0x68d6 = function (_0x22f713, _0x7a951f) {\n    _0x22f713 = _0x22f713 - 0;\n    var _0x259bae = _0xfe52[_0x22f713];\n    return _0x259bae;\n};\nvar _0xc6057e = Math['abs'](thisLayer(_0x68d6('0x0'))(_0x68d6('0x1'))[0]);\nvar _0x14b59e = Math[_0x68d6('0x2')](thisLayer(_0x68d6('0x0'))(_0x68d6('0x1'))[1]);\nif (_0xc6057e > 0 && _0x14b59e > 0) {\n    $bm_rt = [\n        value[0] / _0xc6057e * 100,\n        value[1] / _0x14b59e * 100\n    ];\n} else {\n    $bm_rt = [\n        0,\n        0\n    ];\n}"},"r":{"a":0,"k":0,"ix":6},"o":{"a":0,"k":100,"ix":7},"sk":{"a":0,"k":0,"ix":4},"sa":{"a":0,"k":0,"ix":5},"nm":"变换"}],"nm":"矩形复制 9","np":2,"cix":2,"bm":0,"ix":1,"mn":"ADBE Vector Group","hd":false}],"ip":0,"op":40,"st":0,"bm":0},{"ddd":0,"ind":4,"ty":4,"nm":"5","sr":1,"ks":{"o":{"a":0,"k":100,"ix":11},"r":{"a":0,"k":0,"ix":10},"p":{"a":0,"k":[52,88,0],"ix":2},"a":{"a":0,"k":[0,0,0],"ix":1},"s":{"a":1,"k":[{"i":{"x":[0.667,0.667,0.667],"y":[1,1,1]},"o":{"x":[0.333,0.333,0.333],"y":[0,0,0]},"t":0,"s":[100,100,100],"e":[100,200,100]},{"i":{"x":[0.667,0.667,0.667],"y":[1,1,1]},"o":{"x":[0.333,0.333,0.333],"y":[0,0,0]},"t":20,"s":[100,200,100],"e":[100,100,100]},{"t":40}],"ix":6}},"ao":0,"shapes":[{"ty":"gr","it":[{"ty":"rc","d":1,"s":{"a":0,"k":[6,12],"ix":2,"x":"var $bm_rt;\nvar _0x13f6 = [\n        'abs',\n        'ADBE Transform Group',\n        'ADBE Scale'\n    ];\nvar _0xdf91 = function (_0x152955, _0x49d479) {\n    _0x152955 = _0x152955 - 0;\n    var _0x54bfa2 = _0x13f6[_0x152955];\n    return _0x54bfa2;\n};\nvar _0x2b97e9 = Math[_0xdf91('0x0')](thisLayer(_0xdf91('0x1'))(_0xdf91('0x2'))[0]);\nvar _0xf525cd = Math[_0xdf91('0x0')](thisLayer(_0xdf91('0x1'))(_0xdf91('0x2'))[1]);\n$bm_rt = [\n    value[0] * (_0x2b97e9 / 100),\n    value[1] * (_0xf525cd / 100)\n];"},"p":{"a":0,"k":[0,0],"ix":3},"r":{"a":0,"k":2,"ix":4},"nm":"矩形路径 1","mn":"ADBE Vector Shape - Rect","hd":false},{"ty":"fl","c":{"a":0,"k":[0.2,0.2,0.2,1],"ix":4},"o":{"a":0,"k":100,"ix":5},"r":1,"bm":0,"nm":"填充 1","mn":"ADBE Vector Graphic - Fill","hd":false},{"ty":"tr","p":{"a":0,"k":[0,0],"ix":2},"a":{"a":0,"k":[0,0],"ix":1},"s":{"a":0,"k":[200,200],"ix":3,"x":"var $bm_rt;\nvar _0xfe52 = [\n        'ADBE Transform Group',\n        'ADBE Scale',\n        'abs'\n    ];\nvar _0x68d6 = function (_0x22f713, _0x7a951f) {\n    _0x22f713 = _0x22f713 - 0;\n    var _0x259bae = _0xfe52[_0x22f713];\n    return _0x259bae;\n};\nvar _0xc6057e = Math['abs'](thisLayer(_0x68d6('0x0'))(_0x68d6('0x1'))[0]);\nvar _0x14b59e = Math[_0x68d6('0x2')](thisLayer(_0x68d6('0x0'))(_0x68d6('0x1'))[1]);\nif (_0xc6057e > 0 && _0x14b59e > 0) {\n    $bm_rt = [\n        value[0] / _0xc6057e * 100,\n        value[1] / _0x14b59e * 100\n    ];\n} else {\n    $bm_rt = [\n        0,\n        0\n    ];\n}"},"r":{"a":0,"k":0,"ix":6},"o":{"a":0,"k":100,"ix":7},"sk":{"a":0,"k":0,"ix":4},"sa":{"a":0,"k":0,"ix":5},"nm":"变换"}],"nm":"矩形复制 14","np":2,"cix":2,"bm":0,"ix":1,"mn":"ADBE Vector Group","hd":false}],"ip":0,"op":40,"st":0,"bm":0},{"ddd":0,"ind":5,"ty":4,"nm":"ly","sr":1,"ks":{"o":{"a":0,"k":100,"ix":11},"r":{"a":0,"k":0,"ix":10},"p":{"a":0,"k":[88,88,0],"ix":2},"a":{"a":0,"k":[0,0,0],"ix":1},"s":{"a":0,"k":[100,100,100],"ix":6}},"ao":0,"shapes":[{"ty":"gr","it":[{"d":1,"ty":"el","s":{"a":0,"k":[88,88],"ix":2},"p":{"a":0,"k":[0,0],"ix":3},"nm":"椭圆路径 1","mn":"ADBE Vector Shape - Ellipse","hd":false},{"ty":"fl","c":{"a":0,"k":[0.972549019608,0.83137254902,0.137254901961,1],"ix":4},"o":{"a":0,"k":100,"ix":5},"r":1,"bm":0,"nm":"填充 1","mn":"ADBE Vector Graphic - Fill","hd":false},{"ty":"tr","p":{"a":0,"k":[0,0],"ix":2},"a":{"a":0,"k":[0,0],"ix":1},"s":{"a":0,"k":[200,200],"ix":3},"r":{"a":0,"k":0,"ix":6},"o":{"a":0,"k":100,"ix":7},"sk":{"a":0,"k":0,"ix":4},"sa":{"a":0,"k":0,"ix":5},"nm":"变换"}],"nm":"椭圆形","np":2,"cix":2,"bm":0,"ix":1,"mn":"ADBE Vector Group","hd":false}],"ip":0,"op":40,"st":0,"bm":0}],"markers":[]}