{"v":"5.9.3","fr":30,"ip":0,"op":90,"w":320,"h":640,"nm":"视频通话","ddd":0,"assets":[{"id":"image_0","w":320,"h":320,"u":"images/","p":"img_0.png","e":0},{"id":"image_1","w":320,"h":320,"u":"images/","p":"img_1.png","e":0},{"id":"image_2","w":320,"h":320,"u":"images/","p":"img_2.png","e":0},{"id":"image_3","w":116,"h":100,"u":"images/","p":"img_3.png","e":0}],"layers":[{"ddd":0,"ind":1,"ty":2,"nm":"通话.png","cl":"png","parent":4,"refId":"image_0","sr":1,"ks":{"o":{"a":0,"k":100,"ix":11},"r":{"a":0,"k":0,"ix":10},"p":{"a":0,"k":[160,160,0],"ix":2,"l":2},"a":{"a":0,"k":[160,160,0],"ix":1,"l":2},"s":{"a":1,"k":[{"i":{"x":[0.667,0.667,0.667],"y":[1,1,1]},"o":{"x":[0.333,0.333,0.333],"y":[0,0,0]},"t":16,"s":[0,0,100]},{"i":{"x":[0.667,0.667,0.667],"y":[1,1,1]},"o":{"x":[0.333,0.333,0.333],"y":[0,0,0]},"t":18,"s":[100,100,100]},{"i":{"x":[0.667,0.667,0.667],"y":[1,1,1]},"o":{"x":[0.333,0.333,0.333],"y":[0,0,0]},"t":48,"s":[100,100,100]},{"t":50,"s":[0,0,100]}],"ix":6,"l":2}},"ao":0,"ip":16,"op":50,"st":16,"bm":0},{"ddd":0,"ind":2,"ty":2,"nm":"视频.png","cl":"png","parent":4,"refId":"image_1","sr":1,"ks":{"o":{"a":0,"k":100,"ix":11},"r":{"a":0,"k":0,"ix":10},"p":{"a":0,"k":[160,160,0],"ix":2,"l":2},"a":{"a":0,"k":[160,160,0],"ix":1,"l":2},"s":{"a":1,"k":[{"i":{"x":[0.667,0.667,0.667],"y":[1,1,1]},"o":{"x":[0.333,0.333,0.333],"y":[0,0,0]},"t":50,"s":[0,0,100]},{"t":52,"s":[100,100,100]}],"ix":6,"l":2}},"ao":0,"ip":50,"op":92,"st":50,"bm":0},{"ddd":0,"ind":3,"ty":2,"nm":"视频.png","cl":"png","parent":4,"refId":"image_1","sr":1,"ks":{"o":{"a":0,"k":100,"ix":11},"r":{"a":0,"k":0,"ix":10},"p":{"a":0,"k":[160,160,0],"ix":2,"l":2},"a":{"a":0,"k":[160,160,0],"ix":1,"l":2},"s":{"a":0,"k":[100,100,100],"ix":6,"l":2}},"ao":0,"ip":0,"op":16,"st":0,"bm":0},{"ddd":0,"ind":4,"ty":2,"nm":"底.png","cl":"png","refId":"image_2","sr":1,"ks":{"o":{"a":0,"k":100,"ix":11},"r":{"a":0,"k":0,"ix":10},"p":{"a":0,"k":[160,480,0],"ix":2,"l":2},"a":{"a":0,"k":[160,160,0],"ix":1,"l":2},"s":{"a":1,"k":[{"i":{"x":[0.667,0.667,0.667],"y":[1,1,1]},"o":{"x":[0.333,0.333,0.333],"y":[0,0,0]},"t":0,"s":[100,100,100]},{"i":{"x":[0.667,0.667,0.667],"y":[1,1,1]},"o":{"x":[0.333,0.333,0.333],"y":[0,0,0]},"t":4,"s":[120,120,100]},{"i":{"x":[0.667,0.667,0.667],"y":[1,1,1]},"o":{"x":[0.333,0.333,0.333],"y":[0,0,0]},"t":8,"s":[100,100,100]},{"i":{"x":[0.667,0.667,0.667],"y":[1,1,1]},"o":{"x":[0.333,0.333,0.333],"y":[0,0,0]},"t":12,"s":[120,120,100]},{"t":16,"s":[100,100,100]}],"ix":6,"l":2}},"ao":0,"ip":0,"op":92,"st":0,"bm":0},{"ddd":0,"ind":5,"ty":2,"nm":"爱心.png","cl":"png","refId":"image_3","sr":1,"ks":{"o":{"a":1,"k":[{"i":{"x":[0.667],"y":[1]},"o":{"x":[0.333],"y":[0]},"t":19,"s":[60]},{"i":{"x":[0.667],"y":[1]},"o":{"x":[0.333],"y":[0]},"t":31,"s":[60]},{"t":36,"s":[0]}],"ix":11},"r":{"a":1,"k":[{"i":{"x":[0.667],"y":[1]},"o":{"x":[0.333],"y":[0]},"t":19,"s":[40]},{"i":{"x":[0.667],"y":[1]},"o":{"x":[0.333],"y":[0]},"t":24.556,"s":[12]},{"i":{"x":[0.667],"y":[1]},"o":{"x":[0.333],"y":[0]},"t":29.186,"s":[-24]},{"i":{"x":[0.667],"y":[1]},"o":{"x":[0.333],"y":[0]},"t":35.667,"s":[2]},{"t":40.2958984375,"s":[27]}],"ix":10},"p":{"a":1,"k":[{"i":{"x":0.833,"y":0.833},"o":{"x":0.167,"y":0.167},"t":19,"s":[154,428,0],"to":[30.667,-45.333,0],"ti":[25.924,49.973,0]},{"i":{"x":0.833,"y":0.833},"o":{"x":0.167,"y":0.167},"t":31.963,"s":[149,287.5,0],"to":[-38.347,-73.92,0],"ti":[29.667,65.833,0]},{"t":44,"s":[171,125,0]}],"ix":2,"l":2},"a":{"a":0,"k":[58,50,0],"ix":1,"l":2},"s":{"a":1,"k":[{"i":{"x":[0.667,0.667,0.667],"y":[1,1,1]},"o":{"x":[0.333,0.333,0.333],"y":[0,0,0]},"t":19,"s":[46,46,100]},{"t":40,"s":[31,31,100]}],"ix":6,"l":2}},"ao":0,"ip":0,"op":92,"st":0,"bm":0},{"ddd":0,"ind":6,"ty":2,"nm":"爱心.png","cl":"png","refId":"image_3","sr":1,"ks":{"o":{"a":1,"k":[{"i":{"x":[0.667],"y":[1]},"o":{"x":[0.333],"y":[0]},"t":15,"s":[80]},{"i":{"x":[0.667],"y":[1]},"o":{"x":[0.333],"y":[0]},"t":29,"s":[80]},{"t":42,"s":[0]}],"ix":11},"r":{"a":1,"k":[{"i":{"x":[0.667],"y":[1]},"o":{"x":[0.333],"y":[0]},"t":15,"s":[40]},{"i":{"x":[0.667],"y":[1]},"o":{"x":[0.333],"y":[0]},"t":22,"s":[7]},{"i":{"x":[0.667],"y":[1]},"o":{"x":[0.333],"y":[0]},"t":26,"s":[-24]},{"i":{"x":[0.667],"y":[1]},"o":{"x":[0.333],"y":[0]},"t":33,"s":[2]},{"t":38,"s":[27]}],"ix":10},"p":{"a":1,"k":[{"i":{"x":0.833,"y":0.833},"o":{"x":0.167,"y":0.167},"t":15,"s":[201,444,0],"to":[71.167,-81.833,0],"ti":[18.493,20.469,0]},{"i":{"x":0.833,"y":0.833},"o":{"x":0.167,"y":0.167},"t":29,"s":[219,304,0],"to":[-41.401,-45.825,0],"ti":[-15.333,32.833,0]},{"t":42,"s":[220,185,0]}],"ix":2,"l":2},"a":{"a":0,"k":[58,50,0],"ix":1,"l":2},"s":{"a":1,"k":[{"i":{"x":[0.667,0.667,0.667],"y":[1,1,1]},"o":{"x":[0.333,0.333,0.333],"y":[0,0,0]},"t":15,"s":[50,50,100]},{"t":42,"s":[38,38,100]}],"ix":6,"l":2}},"ao":0,"ip":0,"op":92,"st":0,"bm":0},{"ddd":0,"ind":7,"ty":2,"nm":"爱心.png","cl":"png","refId":"image_3","sr":1,"ks":{"o":{"a":1,"k":[{"i":{"x":[0.667],"y":[1]},"o":{"x":[0.333],"y":[0]},"t":10,"s":[100]},{"i":{"x":[0.667],"y":[1]},"o":{"x":[0.333],"y":[0]},"t":26,"s":[100]},{"t":37,"s":[0]}],"ix":11},"r":{"a":1,"k":[{"i":{"x":[0.667],"y":[1]},"o":{"x":[0.333],"y":[0]},"t":10,"s":[-21]},{"i":{"x":[0.667],"y":[1]},"o":{"x":[0.333],"y":[0]},"t":16.75,"s":[-13]},{"i":{"x":[0.667],"y":[1]},"o":{"x":[0.333],"y":[0]},"t":21.25,"s":[11]},{"i":{"x":[0.667],"y":[1]},"o":{"x":[0.333],"y":[0]},"t":28,"s":[21]},{"t":32.5,"s":[0]}],"ix":10},"p":{"a":1,"k":[{"i":{"x":0.833,"y":0.833},"o":{"x":0.167,"y":0.167},"t":10,"s":[133,439,0],"to":[-55.833,-64.833,0],"ti":[-21.507,44.469,0]},{"i":{"x":0.833,"y":0.833},"o":{"x":0.167,"y":0.167},"t":23.5,"s":[104,296,0],"to":[26.889,-55.596,0],"ti":[4.667,24.833,0]},{"t":37,"s":[133,172,0]}],"ix":2,"l":2},"a":{"a":0,"k":[58,50,0],"ix":1,"l":2},"s":{"a":1,"k":[{"i":{"x":[0.667,0.667,0.667],"y":[1,1,1]},"o":{"x":[0.333,0.333,0.333],"y":[0,0,0]},"t":10,"s":[60,60,100]},{"t":37,"s":[48,48,100]}],"ix":6,"l":2}},"ao":0,"ip":0,"op":92,"st":0,"bm":0}],"markers":[]}