{"v":"5.9.3","fr":25,"ip":0,"op":37,"w":66,"h":66,"nm":"首页 2","ddd":0,"assets":[],"layers":[{"ddd":0,"ind":1,"ty":4,"nm":"圆","sr":1,"ks":{"o":{"a":0,"k":100,"ix":11},"r":{"a":0,"k":0,"ix":10},"p":{"a":0,"k":[42.791,19,0],"ix":2,"l":2},"a":{"a":0,"k":[8.25,8.25,0],"ix":1,"l":2},"s":{"a":0,"k":[100,100,100],"ix":6,"l":2}},"ao":0,"shapes":[{"ty":"gr","it":[{"ind":0,"ty":"sh","ix":1,"ks":{"a":0,"k":{"i":[[4.418,0],[0,0],[0,-4.418],[-4.418,0],[0,4.418]],"o":[[0,0],[-4.418,0],[0,4.418],[4.418,0],[0,-4.418]],"v":[[0,-8],[0,-8],[-8,0],[0,8],[8,0]],"c":true},"ix":2},"nm":"路径 1","mn":"ADBE Vector Shape - Group","hd":false},{"ind":1,"ty":"sh","ix":2,"ks":{"a":0,"k":{"i":[[-2.757,0],[0,-2.757],[2.757,0],[0,2.757]],"o":[[2.757,0],[0,2.757],[-2.757,0],[0,-2.757]],"v":[[0,-5],[5,0],[0,5],[-5,0]],"c":true},"ix":2},"nm":"路径 2","mn":"ADBE Vector Shape - Group","hd":false},{"ty":"mm","mm":1,"nm":"合并路径 1","mn":"ADBE Vector Filter - Merge","hd":false},{"ty":"fl","c":{"a":0,"k":[1,1,1,1],"ix":4},"o":{"a":0,"k":100,"ix":5},"r":1,"bm":0,"nm":"填充 1","mn":"ADBE Vector Graphic - Fill","hd":false},{"ty":"tr","p":{"a":0,"k":[8.25,8.25],"ix":2},"a":{"a":0,"k":[0,0],"ix":1},"s":{"a":0,"k":[100,100],"ix":3},"r":{"a":0,"k":0,"ix":6},"o":{"a":0,"k":100,"ix":7},"sk":{"a":0,"k":0,"ix":4},"sa":{"a":0,"k":0,"ix":5},"nm":"变换"}],"nm":"组 1","np":4,"cix":2,"bm":0,"ix":1,"mn":"ADBE Vector Group","hd":false}],"ip":2,"op":39,"st":2,"ct":1,"bm":0},{"ddd":0,"ind":2,"ty":4,"nm":"横线 2","sr":1,"ks":{"o":{"a":0,"k":100,"ix":11},"r":{"a":0,"k":0,"ix":10},"p":{"a":0,"k":[33,42.15,0],"ix":2,"l":2},"a":{"a":0,"k":[7.5,1.5,0],"ix":1,"l":2},"s":{"a":0,"k":[100,100,100],"ix":6,"l":2}},"ao":0,"shapes":[{"ty":"gr","it":[{"ind":0,"ty":"sh","ix":1,"ks":{"a":0,"k":{"i":[[0,0],[0,0]],"o":[[0,0],[0,0]],"v":[[1.5,1.5],[13.5,1.5]],"c":false},"ix":2},"nm":"路径 1","mn":"ADBE Vector Shape - Group","hd":false},{"ty":"st","c":{"a":0,"k":[1,1,1,1],"ix":3},"o":{"a":0,"k":100,"ix":4},"w":{"a":0,"k":3,"ix":5},"lc":2,"lj":1,"ml":10,"bm":0,"nm":"描边 1","mn":"ADBE Vector Graphic - Stroke","hd":false},{"ty":"tr","p":{"a":0,"k":[0,0],"ix":2},"a":{"a":0,"k":[0,0],"ix":1},"s":{"a":0,"k":[100,100],"ix":3},"r":{"a":0,"k":0,"ix":6},"o":{"a":0,"k":100,"ix":7},"sk":{"a":0,"k":0,"ix":4},"sa":{"a":0,"k":0,"ix":5},"nm":"变换"}],"nm":"组 1","np":2,"cix":2,"bm":0,"ix":1,"mn":"ADBE Vector Group","hd":false}],"ip":2,"op":38,"st":2,"ct":1,"bm":0},{"ddd":0,"ind":3,"ty":4,"nm":"选中底","sr":1,"ks":{"o":{"a":0,"k":100,"ix":11},"r":{"a":0,"k":0,"ix":10},"p":{"a":0,"k":[33,33,0],"ix":2,"l":2},"a":{"a":0,"k":[20.25,22.25,0],"ix":1,"l":2},"s":{"a":0,"k":[100,100,100],"ix":6,"l":2}},"ao":0,"shapes":[{"ty":"gr","it":[{"ind":0,"ty":"sh","ix":1,"ks":{"a":0,"k":{"i":[[1.986,1.509],[0,1.377],[4.418,0],[1.466,-1.672],[2.495,-1.747],[0,0],[0,-2.61],[0,0],[-4.419,0],[0,0],[0,4.418],[0,0]],"o":[[0.612,-1.131],[0,-4.418],[-2.399,0],[-2.637,-1.417],[0,0],[-2.139,1.497],[0,0],[0,4.418],[0,0],[4.418,0],[0,0],[0,-2.506]],"v":[[16.83,-10.196],[17.791,-14],[9.791,-22],[3.779,-19.266],[-4.588,-18.788],[-16.588,-10.388],[-20,-3.835],[-20,14],[-12,22],[12,22],[20,14],[20,-3.835]],"c":true},"ix":2},"nm":"路径 1","mn":"ADBE Vector Shape - Group","hd":false},{"ty":"gf","o":{"a":0,"k":100,"ix":10},"r":1,"bm":0,"g":{"p":3,"k":{"a":0,"k":[0.001,0.667,0.141,1,0.5,0.506,0.19,1,1,0.345,0.239,1],"ix":9}},"s":{"a":0,"k":[-19.667,0.327],"ix":5},"e":{"a":0,"k":[20.201,0.151],"ix":6},"t":1,"nm":"Gradient Fill 1","mn":"ADBE Vector Graphic - G-Fill","hd":false},{"ty":"tr","p":{"a":0,"k":[20.25,22.25],"ix":2},"a":{"a":0,"k":[0,0],"ix":1},"s":{"a":0,"k":[100,100],"ix":3},"r":{"a":0,"k":0,"ix":6},"o":{"a":0,"k":100,"ix":7},"sk":{"a":0,"k":0,"ix":4},"sa":{"a":0,"k":0,"ix":5},"nm":"变换"}],"nm":"组 1","np":2,"cix":2,"bm":0,"ix":1,"mn":"ADBE Vector Group","hd":false}],"ip":2,"op":38,"st":2,"ct":1,"bm":0},{"ddd":0,"ind":4,"ty":4,"nm":"横线","sr":1,"ks":{"o":{"a":0,"k":100,"ix":11},"r":{"a":0,"k":0,"ix":10},"p":{"a":0,"k":[33,42.15,0],"ix":2,"l":2},"a":{"a":0,"k":[7.5,1.5,0],"ix":1,"l":2},"s":{"a":0,"k":[100,100,100],"ix":6,"l":2}},"ao":0,"shapes":[{"ty":"gr","it":[{"ind":0,"ty":"sh","ix":1,"ks":{"a":0,"k":{"i":[[0,0],[0,0]],"o":[[0,0],[0,0]],"v":[[1.5,1.5],[13.5,1.5]],"c":false},"ix":2},"nm":"路径 1","mn":"ADBE Vector Shape - Group","hd":false},{"ty":"st","c":{"a":0,"k":[0.682352941176,0.682352941176,0.682352941176,1],"ix":3},"o":{"a":0,"k":100,"ix":4},"w":{"a":0,"k":3,"ix":5},"lc":2,"lj":1,"ml":10,"bm":0,"nm":"描边 1","mn":"ADBE Vector Graphic - Stroke","hd":false},{"ty":"tr","p":{"a":0,"k":[0,0],"ix":2},"a":{"a":0,"k":[0,0],"ix":1},"s":{"a":0,"k":[100,100],"ix":3},"r":{"a":0,"k":0,"ix":6},"o":{"a":0,"k":100,"ix":7},"sk":{"a":0,"k":0,"ix":4},"sa":{"a":0,"k":0,"ix":5},"nm":"变换"}],"nm":"组 1","np":2,"cix":2,"bm":0,"ix":1,"mn":"ADBE Vector Group","hd":false}],"ip":0,"op":2,"st":0,"ct":1,"bm":0},{"ddd":0,"ind":5,"ty":4,"nm":"未选中-描边","sr":1,"ks":{"o":{"a":0,"k":100,"ix":11},"r":{"a":0,"k":0,"ix":10},"p":{"a":0,"k":[33,33.883,0],"ix":2,"l":2},"a":{"a":0,"k":[20.25,21.368,0],"ix":1,"l":2},"s":{"a":0,"k":[100,100,100],"ix":6,"l":2}},"ao":0,"shapes":[{"ty":"gr","it":[{"ind":0,"ty":"sh","ix":1,"ks":{"a":0,"k":{"i":[[1.605,0],[1.378,-0.964],[0,0],[0,-2.61],[0,0],[-4.418,0],[0,0],[0,4.418],[0,0],[2.139,1.497],[0,0]],"o":[[-1.605,0],[0,0],[-2.139,1.497],[0,0],[0,4.418],[0,0],[4.418,0],[0,0],[0,-2.61],[0,0],[-1.378,-0.964]],"v":[[0,-21.118],[-4.588,-19.671],[-16.588,-11.271],[-20,-4.717],[-20,13.118],[-12,21.118],[12,21.118],[20,13.118],[20,-4.717],[16.588,-11.271],[4.588,-19.671]],"c":true},"ix":2},"nm":"路径 1","mn":"ADBE Vector Shape - Group","hd":false},{"ind":1,"ty":"sh","ix":2,"ks":{"a":0,"k":{"i":[[-1.031,0],[-0.845,-0.591],[0,0],[0,-1.63],[0,0],[2.757,0],[0,0],[0,2.757],[0,0],[-1.336,0.935],[0,0]],"o":[[1.031,0],[0,0],[1.336,0.935],[0,0],[0,2.757],[0,0],[-2.757,0],[0,0],[0,-1.63],[0,0],[0.845,-0.591]],"v":[[0,-18.118],[2.867,-17.214],[14.867,-8.814],[17,-4.717],[17,13.118],[12,18.118],[-12,18.118],[-17,13.118],[-17,-4.717],[-14.867,-8.814],[-2.867,-17.214]],"c":true},"ix":2},"nm":"路径 2","mn":"ADBE Vector Shape - Group","hd":false},{"ty":"mm","mm":1,"nm":"合并路径 1","mn":"ADBE Vector Filter - Merge","hd":false},{"ty":"fl","c":{"a":0,"k":[0.682352941176,0.682352941176,0.682352941176,1],"ix":4},"o":{"a":0,"k":100,"ix":5},"r":1,"bm":0,"nm":"填充 1","mn":"ADBE Vector Graphic - Fill","hd":false},{"ty":"tr","p":{"a":0,"k":[20.25,21.367],"ix":2},"a":{"a":0,"k":[0,0],"ix":1},"s":{"a":0,"k":[100,100],"ix":3},"r":{"a":0,"k":0,"ix":6},"o":{"a":0,"k":100,"ix":7},"sk":{"a":0,"k":0,"ix":4},"sa":{"a":0,"k":0,"ix":5},"nm":"变换"}],"nm":"组 1","np":4,"cix":2,"bm":0,"ix":1,"mn":"ADBE Vector Group","hd":false}],"ip":0,"op":2,"st":0,"ct":1,"bm":0}],"markers":[]}