{"v":"5.6.10","fr":25,"ip":0,"op":100,"w":750,"h":1624,"nm":"主场景输出","ddd":0,"assets":[{"id":"image_0","w":76,"h":161,"u":"images/","p":"img_0.png","e":0},{"id":"image_1","w":117,"h":161,"u":"images/","p":"img_1.png","e":0},{"id":"image_2","w":117,"h":161,"u":"images/","p":"img_2.png","e":0},{"id":"image_3","w":300,"h":69,"u":"images/","p":"img_3.png","e":0},{"id":"image_4","w":20,"h":29,"u":"images/","p":"img_4.png","e":0},{"id":"image_5","w":37,"h":54,"u":"images/","p":"img_5.png","e":0},{"id":"image_6","w":42,"h":50,"u":"images/","p":"img_6.png","e":0},{"id":"image_7","w":49,"h":48,"u":"images/","p":"img_7.png","e":0},{"id":"image_8","w":42,"h":48,"u":"images/","p":"img_8.png","e":0},{"id":"image_9","w":21,"h":121,"u":"images/","p":"img_9.png","e":0},{"id":"image_10","w":91,"h":114,"u":"images/","p":"img_10.png","e":0},{"id":"image_11","w":153,"h":119,"u":"images/","p":"img_11.png","e":0},{"id":"image_12","w":176,"h":79,"u":"images/","p":"img_12.png","e":0},{"id":"image_13","w":19,"h":89,"u":"images/","p":"img_13.png","e":0},{"id":"image_14","w":106,"h":62,"u":"images/","p":"img_14.png","e":0},{"id":"image_15","w":101,"h":56,"u":"images/","p":"img_15.png","e":0},{"id":"image_16","w":23,"h":78,"u":"images/","p":"img_16.png","e":0},{"id":"image_17","w":218,"h":188,"u":"images/","p":"img_17.png","e":0},{"id":"image_18","w":210,"h":181,"u":"images/","p":"img_18.png","e":0},{"id":"image_19","w":218,"h":188,"u":"images/","p":"img_19.png","e":0},{"id":"image_20","w":210,"h":181,"u":"images/","p":"img_20.png","e":0},{"id":"image_21","w":283,"h":235,"u":"images/","p":"img_21.png","e":0},{"id":"image_22","w":263,"h":229,"u":"images/","p":"img_22.png","e":0},{"id":"image_23","w":535,"h":125,"u":"images/","p":"img_23.png","e":0},{"id":"image_24","w":34,"h":29,"u":"images/","p":"img_24.png","e":0},{"id":"image_25","w":17,"h":17,"u":"images/","p":"img_25.png","e":0},{"id":"image_26","w":30,"h":29,"u":"images/","p":"img_26.png","e":0},{"id":"image_27","w":66,"h":49,"u":"images/","p":"img_27.png","e":0},{"id":"image_28","w":34,"h":37,"u":"images/","p":"img_28.png","e":0},{"id":"image_29","w":43,"h":31,"u":"images/","p":"img_29.png","e":0},{"id":"image_30","w":22,"h":22,"u":"images/","p":"img_30.png","e":0},{"id":"image_31","w":41,"h":41,"u":"images/","p":"img_31.png","e":0},{"id":"image_32","w":41,"h":28,"u":"images/","p":"img_32.png","e":0},{"id":"image_33","w":95,"h":78,"u":"images/","p":"img_33.png","e":0},{"id":"image_34","w":55,"h":41,"u":"images/","p":"img_34.png","e":0},{"id":"image_35","w":70,"h":34,"u":"images/","p":"img_35.png","e":0},{"id":"image_36","w":16,"h":18,"u":"images/","p":"img_36.png","e":0},{"id":"image_37","w":16,"h":18,"u":"images/","p":"img_37.png","e":0},{"id":"image_38","w":16,"h":18,"u":"images/","p":"img_38.png","e":0},{"id":"image_39","w":22,"h":25,"u":"images/","p":"img_39.png","e":0},{"id":"image_40","w":22,"h":25,"u":"images/","p":"img_40.png","e":0},{"id":"image_41","w":4,"h":7,"u":"images/","p":"img_41.png","e":0},{"id":"image_42","w":6,"h":8,"u":"images/","p":"img_42.png","e":0},{"id":"image_43","w":6,"h":8,"u":"images/","p":"img_43.png","e":0},{"id":"image_44","w":6,"h":9,"u":"images/","p":"img_44.png","e":0},{"id":"image_45","w":6,"h":8,"u":"images/","p":"img_45.png","e":0},{"id":"image_46","w":11,"h":6,"u":"images/","p":"img_46.png","e":0},{"id":"image_47","w":11,"h":13,"u":"images/","p":"img_47.png","e":0},{"id":"image_48","w":11,"h":13,"u":"images/","p":"img_48.png","e":0},{"id":"image_49","w":6,"h":5,"u":"images/","p":"img_49.png","e":0},{"id":"image_50","w":10,"h":10,"u":"images/","p":"img_50.png","e":0},{"id":"image_51","w":8,"h":4,"u":"images/","p":"img_51.png","e":0},{"id":"image_52","w":9,"h":8,"u":"images/","p":"img_52.png","e":0},{"id":"image_53","w":8,"h":4,"u":"images/","p":"img_53.png","e":0},{"id":"image_54","w":8,"h":4,"u":"images/","p":"img_54.png","e":0},{"id":"image_55","w":6,"h":6,"u":"images/","p":"img_55.png","e":0},{"id":"image_56","w":11,"h":10,"u":"images/","p":"img_56.png","e":0},{"id":"image_57","w":11,"h":10,"u":"images/","p":"img_57.png","e":0},{"id":"image_58","w":13,"h":13,"u":"images/","p":"img_58.png","e":0},{"id":"image_59","w":13,"h":13,"u":"images/","p":"img_59.png","e":0},{"id":"image_60","w":13,"h":13,"u":"images/","p":"img_60.png","e":0},{"id":"image_61","w":691,"h":692,"u":"images/","p":"img_61.png","e":0},{"id":"image_62","w":681,"h":682,"u":"images/","p":"img_62.png","e":0},{"id":"image_63","w":793,"h":794,"u":"images/","p":"img_63.png","e":0},{"id":"comp_0","layers":[{"ddd":0,"ind":1,"ty":4,"nm":"形状图层 3","sr":1,"ks":{"o":{"a":0,"k":100,"ix":11},"r":{"a":0,"k":12,"ix":10},"p":{"a":0,"k":[100,92,0],"ix":2},"a":{"a":0,"k":[0,-0.562,0],"ix":1},"s":{"a":0,"k":[50,50,100],"ix":6}},"ao":0,"shapes":[{"ty":"gr","it":[{"ind":0,"ty":"sh","ix":1,"ks":{"a":0,"k":{"i":[[-0.062,0.25],[0,0]],"o":[[0.062,-0.25],[0,0]],"v":[[0,-9.938],[0,-32]],"c":false},"ix":2},"nm":"路径 1","mn":"ADBE Vector Shape - Group","hd":false},{"ty":"tm","s":{"a":1,"k":[{"i":{"x":[0.667],"y":[1]},"o":{"x":[0.333],"y":[0]},"t":2,"s":[0],"e":[100]},{"t":13}],"ix":1},"e":{"a":1,"k":[{"i":{"x":[0.667],"y":[1]},"o":{"x":[0.333],"y":[0]},"t":0,"s":[0],"e":[100]},{"t":11}],"ix":2},"o":{"a":0,"k":0,"ix":3},"m":1,"ix":2,"nm":"修剪路径 1","mn":"ADBE Vector Filter - Trim","hd":false},{"ty":"st","c":{"a":0,"k":[1,1,1,1],"ix":3},"o":{"a":0,"k":100,"ix":4},"w":{"a":0,"k":2,"ix":5},"lc":2,"lj":1,"ml":4,"bm":0,"nm":"描边 1","mn":"ADBE Vector Graphic - Stroke","hd":false},{"ty":"tr","p":{"a":0,"k":[0,0],"ix":2},"a":{"a":0,"k":[0,0],"ix":1},"s":{"a":0,"k":[100,100],"ix":3},"r":{"a":0,"k":0,"ix":6},"o":{"a":0,"k":100,"ix":7},"sk":{"a":0,"k":0,"ix":4},"sa":{"a":0,"k":0,"ix":5},"nm":"变换"}],"nm":"形状 1","np":4,"cix":2,"bm":0,"ix":1,"mn":"ADBE Vector Group","hd":false},{"ty":"rp","c":{"a":0,"k":12,"ix":1},"o":{"a":0,"k":0,"ix":2},"m":1,"ix":2,"tr":{"ty":"tr","p":{"a":0,"k":[0,0],"ix":2},"a":{"a":0,"k":[0,0],"ix":1},"s":{"a":0,"k":[100,100],"ix":3},"r":{"a":0,"k":30,"ix":4},"so":{"a":0,"k":100,"ix":5},"eo":{"a":0,"k":100,"ix":6},"nm":"变换"},"nm":"中继器 1","mn":"ADBE Vector Filter - Repeater","hd":false}],"ip":0,"op":75,"st":0,"bm":0},{"ddd":0,"ind":2,"ty":4,"nm":"形状图层 1","sr":1,"ks":{"o":{"a":0,"k":100,"ix":11},"r":{"a":0,"k":0,"ix":10},"p":{"a":0,"k":[100,92,0],"ix":2},"a":{"a":0,"k":[0,-0.562,0],"ix":1},"s":{"a":0,"k":[100,100,100],"ix":6}},"ao":0,"shapes":[{"ty":"gr","it":[{"ind":0,"ty":"sh","ix":1,"ks":{"a":0,"k":{"i":[[-0.062,0.25],[0,0]],"o":[[0.062,-0.25],[0,0]],"v":[[0,-9.938],[0,-32]],"c":false},"ix":2},"nm":"路径 1","mn":"ADBE Vector Shape - Group","hd":false},{"ty":"tm","s":{"a":1,"k":[{"i":{"x":[0.667],"y":[1]},"o":{"x":[0.333],"y":[0]},"t":2,"s":[0],"e":[100]},{"t":13}],"ix":1},"e":{"a":1,"k":[{"i":{"x":[0.667],"y":[1]},"o":{"x":[0.333],"y":[0]},"t":0,"s":[0],"e":[100]},{"t":11}],"ix":2},"o":{"a":0,"k":0,"ix":3},"m":1,"ix":2,"nm":"修剪路径 1","mn":"ADBE Vector Filter - Trim","hd":false},{"ty":"gs","o":{"a":0,"k":100,"ix":9},"w":{"a":0,"k":2,"ix":10},"g":{"p":2,"k":{"a":0,"k":[0,1,1,1,1,0,0,0],"ix":8}},"s":{"a":0,"k":[0,0],"ix":4},"e":{"a":0,"k":[100,0],"ix":5},"t":1,"lc":2,"lj":1,"ml":4,"ml2":{"a":0,"k":4,"ix":13},"bm":0,"nm":"渐变描边 1","mn":"ADBE Vector Graphic - G-Stroke","hd":false},{"ty":"tr","p":{"a":0,"k":[0,0],"ix":2},"a":{"a":0,"k":[0,0],"ix":1},"s":{"a":0,"k":[100,100],"ix":3},"r":{"a":0,"k":0,"ix":6},"o":{"a":0,"k":100,"ix":7},"sk":{"a":0,"k":0,"ix":4},"sa":{"a":0,"k":0,"ix":5},"nm":"变换"}],"nm":"形状 1","np":4,"cix":2,"bm":0,"ix":1,"mn":"ADBE Vector Group","hd":false},{"ty":"rp","c":{"a":0,"k":12,"ix":1},"o":{"a":0,"k":0,"ix":2},"m":1,"ix":2,"tr":{"ty":"tr","p":{"a":0,"k":[0,0],"ix":2},"a":{"a":0,"k":[0,0],"ix":1},"s":{"a":0,"k":[100,100],"ix":3},"r":{"a":0,"k":30,"ix":4},"so":{"a":0,"k":100,"ix":5},"eo":{"a":0,"k":100,"ix":6},"nm":"变换"},"nm":"中继器 1","mn":"ADBE Vector Filter - Repeater","hd":false}],"ip":0,"op":75,"st":0,"bm":0}]},{"id":"comp_1","layers":[{"ddd":0,"ind":1,"ty":2,"nm":"副标题.png","cl":"png","refId":"image_3","sr":1,"ks":{"o":{"a":1,"k":[{"i":{"x":[0.833],"y":[0.833]},"o":{"x":[0.167],"y":[0.167]},"t":3,"s":[0],"e":[100]},{"i":{"x":[0.833],"y":[0.833]},"o":{"x":[0.167],"y":[0.167]},"t":6,"s":[100],"e":[58]},{"i":{"x":[0.833],"y":[0.833]},"o":{"x":[0.167],"y":[0.167]},"t":10,"s":[58],"e":[100]},{"t":13}],"ix":11},"r":{"a":0,"k":0,"ix":10},"p":{"a":0,"k":[400,622,0],"ix":2},"a":{"a":0,"k":[150,34.5,0],"ix":1},"s":{"a":0,"k":[100,100,100],"ix":6}},"ao":0,"ip":3,"op":253,"st":3,"bm":0},{"ddd":0,"ind":2,"ty":0,"nm":"椭圆形","refId":"comp_2","sr":1,"ks":{"o":{"a":0,"k":100,"ix":11},"r":{"a":0,"k":0,"ix":10},"p":{"a":0,"k":[375,812,0],"ix":2},"a":{"a":0,"k":[375,812,0],"ix":1},"s":{"a":0,"k":[100,100,100],"ix":6}},"ao":0,"w":750,"h":1624,"ip":0,"op":250,"st":0,"bm":0},{"ddd":0,"ind":3,"ty":0,"nm":"星星","refId":"comp_4","sr":1,"ks":{"o":{"a":0,"k":100,"ix":11},"r":{"a":0,"k":0,"ix":10},"p":{"a":0,"k":[375,812,0],"ix":2},"a":{"a":0,"k":[375,812,0],"ix":1},"s":{"a":0,"k":[100,100,100],"ix":6}},"ao":0,"w":750,"h":1624,"ip":0,"op":250,"st":0,"bm":0},{"ddd":0,"ind":4,"ty":0,"nm":"金币1","refId":"comp_5","sr":1,"ks":{"o":{"a":0,"k":100,"ix":11},"r":{"a":0,"k":0,"ix":10},"p":{"a":0,"k":[375,812,0],"ix":2},"a":{"a":0,"k":[375,812,0],"ix":1},"s":{"a":0,"k":[100,100,100],"ix":6}},"ao":0,"w":750,"h":1624,"ip":0,"op":250,"st":0,"bm":0},{"ddd":0,"ind":5,"ty":0,"nm":"金币2","refId":"comp_6","sr":1,"ks":{"o":{"a":0,"k":100,"ix":11},"r":{"a":0,"k":0,"ix":10},"p":{"a":0,"k":[375,812,0],"ix":2},"a":{"a":0,"k":[375,812,0],"ix":1},"s":{"a":0,"k":[100,100,100],"ix":6}},"ao":0,"w":750,"h":1624,"ip":0,"op":250,"st":0,"bm":0},{"ddd":0,"ind":6,"ty":0,"nm":"金币3","refId":"comp_7","sr":1,"ks":{"o":{"a":0,"k":100,"ix":11},"r":{"a":0,"k":0,"ix":10},"p":{"a":0,"k":[375,812,0],"ix":2},"a":{"a":0,"k":[375,812,0],"ix":1},"s":{"a":0,"k":[100,100,100],"ix":6}},"ao":0,"w":750,"h":1624,"ip":0,"op":250,"st":0,"bm":0},{"ddd":0,"ind":7,"ty":0,"nm":"光效","refId":"comp_8","sr":1,"ks":{"o":{"a":0,"k":100,"ix":11},"r":{"a":0,"k":0,"ix":10},"p":{"a":0,"k":[375,812,0],"ix":2},"a":{"a":0,"k":[375,812,0],"ix":1},"s":{"a":0,"k":[100,100,100],"ix":6}},"ao":0,"w":750,"h":1624,"ip":0,"op":250,"st":0,"bm":0},{"ddd":0,"ind":8,"ty":0,"nm":"红包3","refId":"comp_9","sr":1,"ks":{"o":{"a":0,"k":100,"ix":11},"r":{"a":0,"k":0,"ix":10},"p":{"a":0,"k":[375,812,0],"ix":2},"a":{"a":0,"k":[375,812,0],"ix":1},"s":{"a":0,"k":[100,100,100],"ix":6}},"ao":0,"w":750,"h":1624,"ip":0,"op":250,"st":0,"bm":0},{"ddd":0,"ind":9,"ty":0,"nm":"红包2","refId":"comp_10","sr":1,"ks":{"o":{"a":0,"k":100,"ix":11},"r":{"a":0,"k":0,"ix":10},"p":{"a":0,"k":[375,812,0],"ix":2},"a":{"a":0,"k":[375,812,0],"ix":1},"s":{"a":0,"k":[100,100,100],"ix":6}},"ao":0,"w":750,"h":1624,"ip":0,"op":250,"st":0,"bm":0},{"ddd":0,"ind":10,"ty":0,"nm":"红包1","refId":"comp_11","sr":1,"ks":{"o":{"a":0,"k":100,"ix":11},"r":{"a":0,"k":0,"ix":10},"p":{"a":0,"k":[375,812,0],"ix":2},"a":{"a":0,"k":[375,812,0],"ix":1},"s":{"a":0,"k":[100,100,100],"ix":6}},"ao":0,"w":750,"h":1624,"ip":0,"op":250,"st":0,"bm":0},{"ddd":0,"ind":13,"ty":2,"nm":"标题","refId":"image_23","sr":1,"ks":{"o":{"a":0,"k":100,"ix":11},"r":{"a":0,"k":0,"ix":10},"p":{"a":0,"k":[378.5,528.5,0],"ix":2},"a":{"a":0,"k":[267.5,62.5,0],"ix":1},"s":{"a":1,"k":[{"i":{"x":[0.833,0.833,0.833],"y":[0.833,0.833,0.833]},"o":{"x":[0.167,0.167,0.167],"y":[0.167,0.167,0.167]},"t":0,"s":[100,100,100],"e":[128,128,100]},{"i":{"x":[0.833,0.833,0.833],"y":[0.833,0.833,0.833]},"o":{"x":[0.167,0.167,0.167],"y":[0.167,0.167,0.167]},"t":5,"s":[128,128,100],"e":[100,100,100]},{"t":10}],"ix":6}},"ao":0,"ef":[{"ty":5,"nm":"CC Light Sweep","np":11,"mn":"CC Light Sweep","ix":1,"en":1,"ef":[{"ty":3,"nm":"Center","mn":"CC Light Sweep-0001","ix":1,"v":{"a":1,"k":[{"i":{"x":0.833,"y":0.833},"o":{"x":0.167,"y":0.167},"t":0,"s":[-45.5,-11.75],"e":[567.5,-132.75],"to":[102.167,-20.167],"ti":[-102.167,20.167]},{"t":10}],"ix":1}},{"ty":0,"nm":"Direction","mn":"CC Light Sweep-0002","ix":2,"v":{"a":0,"k":-30,"ix":2}},{"ty":7,"nm":"Shape","mn":"CC Light Sweep-0003","ix":3,"v":{"a":0,"k":3,"ix":3}},{"ty":0,"nm":"Width","mn":"CC Light Sweep-0004","ix":4,"v":{"a":0,"k":50,"ix":4}},{"ty":0,"nm":"Sweep Intensity","mn":"CC Light Sweep-0005","ix":5,"v":{"a":0,"k":30,"ix":5}},{"ty":0,"nm":"Edge Intensity","mn":"CC Light Sweep-0006","ix":6,"v":{"a":0,"k":50,"ix":6}},{"ty":0,"nm":"Edge Thickness","mn":"CC Light Sweep-0007","ix":7,"v":{"a":0,"k":4,"ix":7}},{"ty":2,"nm":"Light Color","mn":"CC Light Sweep-0008","ix":8,"v":{"a":0,"k":[1,1,1,1],"ix":8}},{"ty":7,"nm":"Light Reception","mn":"CC Light Sweep-0009","ix":9,"v":{"a":0,"k":1,"ix":9}}]}],"ip":0,"op":250,"st":0,"bm":0},{"ddd":0,"ind":14,"ty":0,"nm":"红包5","refId":"comp_12","sr":1,"ks":{"o":{"a":0,"k":100,"ix":11},"r":{"a":0,"k":0,"ix":10},"p":{"a":0,"k":[375,812,0],"ix":2},"a":{"a":0,"k":[375,812,0],"ix":1},"s":{"a":0,"k":[100,100,100],"ix":6}},"ao":0,"w":750,"h":1624,"ip":0,"op":250,"st":0,"bm":0},{"ddd":0,"ind":15,"ty":0,"nm":"红包4","refId":"comp_14","sr":1,"ks":{"o":{"a":0,"k":100,"ix":11},"r":{"a":0,"k":0,"ix":10},"p":{"a":0,"k":[375,812,0],"ix":2},"a":{"a":0,"k":[375,812,0],"ix":1},"s":{"a":0,"k":[100,100,100],"ix":6}},"ao":0,"w":750,"h":1624,"ip":0,"op":250,"st":0,"bm":0},{"ddd":0,"ind":16,"ty":0,"nm":"礼花","refId":"comp_16","sr":1,"ks":{"o":{"a":0,"k":100,"ix":11},"r":{"a":0,"k":0,"ix":10},"p":{"a":0,"k":[375,812,0],"ix":2},"a":{"a":0,"k":[375,812,0],"ix":1},"s":{"a":0,"k":[100,100,100],"ix":6}},"ao":0,"w":750,"h":1624,"ip":0,"op":250,"st":0,"bm":0},{"ddd":0,"ind":17,"ty":0,"nm":"bg渲染","refId":"comp_17","sr":1,"ks":{"o":{"a":0,"k":100,"ix":11},"r":{"a":0,"k":0,"ix":10},"p":{"a":0,"k":[375,812,0],"ix":2},"a":{"a":0,"k":[375,812,0],"ix":1},"s":{"a":0,"k":[100,100,100],"ix":6}},"ao":0,"w":750,"h":1624,"ip":0,"op":250,"st":0,"bm":0}]},{"id":"comp_2","layers":[{"ddd":0,"ind":1,"ty":0,"nm":"Mask by 蒙版","refId":"comp_3","sr":1,"ks":{"o":{"a":0,"k":100,"ix":11},"r":{"a":0,"k":0,"ix":10},"p":{"a":0,"k":[375,812,0],"ix":2},"a":{"a":0,"k":[375,812,0],"ix":1},"s":{"a":0,"k":[100,100,100],"ix":6}},"ao":0,"w":750,"h":1624,"ip":0,"op":250,"st":0,"bm":0}]},{"id":"comp_3","layers":[]},{"id":"comp_4","layers":[{"ddd":0,"ind":1,"ty":2,"nm":"路径 26备份","refId":"image_4","sr":1,"ks":{"o":{"a":1,"k":[{"i":{"x":[0.667],"y":[1]},"o":{"x":[0.333],"y":[0]},"t":0,"s":[0],"e":[100]},{"i":{"x":[0.667],"y":[1]},"o":{"x":[0.333],"y":[0]},"t":8,"s":[100],"e":[70]},{"i":{"x":[0.667],"y":[1]},"o":{"x":[0.333],"y":[0]},"t":16,"s":[70],"e":[100]},{"t":24}],"ix":11},"r":{"a":0,"k":0,"ix":10},"p":{"a":0,"k":[665,577.5,0],"ix":2},"a":{"a":0,"k":[10,14.5,0],"ix":1},"s":{"a":1,"k":[{"i":{"x":[0.667,0.667,0.667],"y":[1,1,1]},"o":{"x":[0.333,0.333,0.333],"y":[0,0,0]},"t":0,"s":[0,0,100],"e":[100,100,100]},{"i":{"x":[0.667,0.667,0.667],"y":[1,1,1]},"o":{"x":[0.333,0.333,0.333],"y":[0,0,0]},"t":8,"s":[100,100,100],"e":[60,60,100]},{"i":{"x":[0.667,0.667,0.667],"y":[1,1,1]},"o":{"x":[0.333,0.333,0.333],"y":[0,0,0]},"t":16,"s":[60,60,100],"e":[100,100,100]},{"t":24}],"ix":6}},"ao":0,"ip":0,"op":250,"st":0,"bm":0},{"ddd":0,"ind":2,"ty":2,"nm":"多边形 1","refId":"image_5","sr":1,"ks":{"o":{"a":1,"k":[{"i":{"x":[0.667],"y":[1]},"o":{"x":[0.333],"y":[0]},"t":0,"s":[0],"e":[100]},{"i":{"x":[0.667],"y":[1]},"o":{"x":[0.333],"y":[0]},"t":5,"s":[100],"e":[60]},{"i":{"x":[0.667],"y":[1]},"o":{"x":[0.333],"y":[0]},"t":10,"s":[60],"e":[100]},{"t":15}],"ix":11},"r":{"a":0,"k":0,"ix":10},"p":{"a":0,"k":[290.5,701,0],"ix":2},"a":{"a":0,"k":[18.5,27,0],"ix":1},"s":{"a":1,"k":[{"i":{"x":[0.667,0.667,0.667],"y":[1,1,1]},"o":{"x":[0.333,0.333,0.333],"y":[0,0,0]},"t":0,"s":[0,0,100],"e":[100,100,100]},{"i":{"x":[0.667,0.667,0.667],"y":[1,1,1]},"o":{"x":[0.333,0.333,0.333],"y":[0,0,0]},"t":5,"s":[100,100,100],"e":[60,60,100]},{"i":{"x":[0.667,0.667,0.667],"y":[1,1,1]},"o":{"x":[0.333,0.333,0.333],"y":[0,0,0]},"t":10,"s":[60,60,100],"e":[100,100,100]},{"t":15}],"ix":6}},"ao":0,"ip":0,"op":250,"st":0,"bm":0}]},{"id":"comp_5","layers":[{"ddd":0,"ind":1,"ty":2,"nm":"图层 3","refId":"image_6","sr":1,"ks":{"o":{"a":0,"k":100,"ix":11},"r":{"a":0,"k":0,"ix":10},"p":{"a":0,"k":[84,683,0],"ix":2},"a":{"a":0,"k":[21,25,0],"ix":1},"s":{"a":0,"k":[100,100,100],"ix":6}},"ao":0,"ip":0,"op":250,"st":0,"bm":0}]},{"id":"comp_6","layers":[{"ddd":0,"ind":1,"ty":2,"nm":"图层 4","refId":"image_7","sr":1,"ks":{"o":{"a":0,"k":100,"ix":11},"r":{"a":0,"k":0,"ix":10},"p":{"a":0,"k":[222.5,881,0],"ix":2},"a":{"a":0,"k":[24.5,24,0],"ix":1},"s":{"a":0,"k":[100,100,100],"ix":6}},"ao":0,"ip":0,"op":250,"st":0,"bm":0}]},{"id":"comp_7","layers":[{"ddd":0,"ind":1,"ty":2,"nm":"图层 5","refId":"image_8","sr":1,"ks":{"o":{"a":0,"k":100,"ix":11},"r":{"a":0,"k":0,"ix":10},"p":{"a":0,"k":[513,663,0],"ix":2},"a":{"a":0,"k":[21,24,0],"ix":1},"s":{"a":0,"k":[100,100,100],"ix":6}},"ao":0,"ip":0,"op":250,"st":0,"bm":0}]},{"id":"comp_8","layers":[{"ddd":0,"ind":2,"ty":2,"nm":"路径 19备份 4","refId":"image_9","sr":1,"ks":{"o":{"a":1,"k":[{"i":{"x":[0.667],"y":[1]},"o":{"x":[0.333],"y":[0]},"t":0,"s":[0],"e":[100]},{"t":5}],"ix":11},"r":{"a":0,"k":0.443,"ix":10},"p":{"a":1,"k":[{"i":{"x":0.667,"y":1},"o":{"x":0.333,"y":0},"t":0,"s":[425.5,670.5,0],"e":[440,820,0],"to":[2.417,24.917,0],"ti":[-2.417,-24.917,0]},{"t":5}],"ix":2},"a":{"a":0,"k":[10.5,60.5,0],"ix":1},"s":{"a":1,"k":[{"i":{"x":[0.667,0.667,0.667],"y":[1,1,1]},"o":{"x":[0.333,0.333,0.333],"y":[0,0,0]},"t":0,"s":[20,20,100],"e":[100,100,100]},{"t":5}],"ix":6}},"ao":0,"ip":0,"op":250,"st":0,"bm":0},{"ddd":0,"ind":3,"ty":2,"nm":"路径 19备份 6","refId":"image_10","sr":1,"ks":{"o":{"a":1,"k":[{"i":{"x":[0.667],"y":[1]},"o":{"x":[0.333],"y":[0]},"t":0,"s":[0],"e":[100]},{"t":7}],"ix":11},"r":{"a":0,"k":-2.46,"ix":10},"p":{"a":1,"k":[{"i":{"x":0.667,"y":1},"o":{"x":0.333,"y":0},"t":0,"s":[240.5,679,0],"e":[59.5,953,0],"to":[-30.167,45.667,0],"ti":[30.167,-45.667,0]},{"t":7}],"ix":2},"a":{"a":0,"k":[45.5,57,0],"ix":1},"s":{"a":1,"k":[{"i":{"x":[0.667,0.667,0.667],"y":[1,1,1]},"o":{"x":[0.333,0.333,0.333],"y":[0,0,0]},"t":0,"s":[20,20,100],"e":[100,100,100]},{"t":7}],"ix":6}},"ao":0,"ip":0,"op":250,"st":0,"bm":0},{"ddd":0,"ind":4,"ty":2,"nm":"路径 19备份 2 拷贝","refId":"image_11","sr":1,"ks":{"o":{"a":1,"k":[{"i":{"x":[0.667],"y":[1]},"o":{"x":[0.333],"y":[0]},"t":5,"s":[0],"e":[100]},{"t":11}],"ix":11},"r":{"a":0,"k":0,"ix":10},"p":{"a":1,"k":[{"i":{"x":0.667,"y":1},"o":{"x":0.333,"y":0},"t":5,"s":[389.5,577.5,0],"e":[614.5,405.5,0],"to":[37.5,-28.667,0],"ti":[-37.5,28.667,0]},{"t":11}],"ix":2},"a":{"a":0,"k":[76.5,59.5,0],"ix":1},"s":{"a":1,"k":[{"i":{"x":[0.667,0.667,0.667],"y":[1,1,1]},"o":{"x":[0.333,0.333,0.333],"y":[0,0,0]},"t":5,"s":[20,20,100],"e":[100,100,100]},{"t":11}],"ix":6}},"ao":0,"ip":5,"op":100,"st":-5,"bm":0},{"ddd":0,"ind":5,"ty":2,"nm":"路径 19备份 2","refId":"image_12","sr":1,"ks":{"o":{"a":1,"k":[{"i":{"x":[0.667],"y":[1]},"o":{"x":[0.333],"y":[0]},"t":3,"s":[0],"e":[100]},{"t":11}],"ix":11},"r":{"a":0,"k":-12.189,"ix":10},"p":{"a":1,"k":[{"i":{"x":0.667,"y":1},"o":{"x":0.333,"y":0},"t":3,"s":[218,608.5,0],"e":[122,702.5,0],"to":[-16,15.667,0],"ti":[16,-15.667,0]},{"t":11}],"ix":2},"a":{"a":0,"k":[88,39.5,0],"ix":1},"s":{"a":1,"k":[{"i":{"x":[0.667,0.667,0.667],"y":[1,1,1]},"o":{"x":[0.333,0.333,0.333],"y":[0,0,0]},"t":3,"s":[20,20,100],"e":[79.545,107.595,100]},{"t":11}],"ix":6}},"ao":0,"ip":8,"op":258,"st":8,"bm":0},{"ddd":0,"ind":6,"ty":2,"nm":"路径 19备份 3","refId":"image_13","sr":1,"ks":{"o":{"a":1,"k":[{"i":{"x":[0.667],"y":[1]},"o":{"x":[0.333],"y":[0]},"t":0,"s":[0],"e":[50]},{"t":8}],"ix":11},"r":{"a":0,"k":0,"ix":10},"p":{"a":1,"k":[{"i":{"x":0.667,"y":1},"o":{"x":0.333,"y":0},"t":0,"s":[370.5,583.5,0],"e":[357.5,660.5,0],"to":[-2.167,12.833,0],"ti":[2.167,-12.833,0]},{"t":8}],"ix":2},"a":{"a":0,"k":[9.5,44.5,0],"ix":1},"s":{"a":1,"k":[{"i":{"x":[0.667,0.667,0.667],"y":[1,1,1]},"o":{"x":[0.333,0.333,0.333],"y":[0,0,0]},"t":0,"s":[100,100,100],"e":[100,100,100]},{"t":8}],"ix":6}},"ao":0,"ip":0,"op":250,"st":0,"bm":0},{"ddd":0,"ind":7,"ty":2,"nm":"路径 19备份 5","refId":"image_14","sr":1,"ks":{"o":{"a":1,"k":[{"i":{"x":[0.667],"y":[1]},"o":{"x":[0.333],"y":[0]},"t":0,"s":[0],"e":[100]},{"t":7}],"ix":11},"r":{"a":0,"k":8.12,"ix":10},"p":{"a":1,"k":[{"i":{"x":0.667,"y":1},"o":{"x":0.333,"y":0},"t":0,"s":[519,637,0],"e":[688,789,0],"to":[28.167,25.333,0],"ti":[-28.167,-25.333,0]},{"t":7}],"ix":2},"a":{"a":0,"k":[53,31,0],"ix":1},"s":{"a":1,"k":[{"i":{"x":[0.667,0.667,0.667],"y":[1,1,1]},"o":{"x":[0.333,0.333,0.333],"y":[0,0,0]},"t":0,"s":[20,20,100],"e":[100,100,100]},{"t":7}],"ix":6}},"ao":0,"ip":0,"op":250,"st":0,"bm":0},{"ddd":0,"ind":8,"ty":2,"nm":"路径 19备份","refId":"image_15","sr":1,"ks":{"o":{"a":1,"k":[{"i":{"x":[0.667],"y":[1]},"o":{"x":[0.333],"y":[0]},"t":0,"s":[0],"e":[100]},{"t":13}],"ix":11},"r":{"a":0,"k":0,"ix":10},"p":{"a":1,"k":[{"i":{"x":0.667,"y":1},"o":{"x":0.333,"y":0},"t":0,"s":[357.5,616,0],"e":[145.5,506,0],"to":[-35.333,-18.333,0],"ti":[35.333,18.333,0]},{"t":13}],"ix":2},"a":{"a":0,"k":[50.5,28,0],"ix":1},"s":{"a":1,"k":[{"i":{"x":[0.667,0.667,0.667],"y":[1,1,1]},"o":{"x":[0.333,0.333,0.333],"y":[0,0,0]},"t":0,"s":[20,20,100],"e":[100,100,100]},{"t":13}],"ix":6}},"ao":0,"ip":0,"op":250,"st":0,"bm":0},{"ddd":0,"ind":9,"ty":2,"nm":"路径 19","refId":"image_16","sr":1,"ks":{"o":{"a":1,"k":[{"i":{"x":[0.667],"y":[1]},"o":{"x":[0.333],"y":[0]},"t":1,"s":[0],"e":[60]},{"t":9}],"ix":11},"r":{"a":0,"k":0,"ix":10},"p":{"a":1,"k":[{"i":{"x":0.667,"y":1},"o":{"x":0.333,"y":0},"t":1,"s":[384.5,599,0],"e":[415.5,426,0],"to":[5.167,-28.833,0],"ti":[-5.167,28.833,0]},{"t":9}],"ix":2},"a":{"a":0,"k":[11.5,39,0],"ix":1},"s":{"a":1,"k":[{"i":{"x":[0.667,0.667,0.667],"y":[1,1,1]},"o":{"x":[0.333,0.333,0.333],"y":[0,0,0]},"t":1,"s":[20,20,100],"e":[100,100,100]},{"t":9}],"ix":6}},"ao":0,"ip":1,"op":237,"st":-13,"bm":0}]},{"id":"comp_9","layers":[{"ddd":0,"ind":1,"ty":2,"nm":"图层 1 拷贝 2","refId":"image_17","sr":1,"ks":{"o":{"a":0,"k":100,"ix":11},"r":{"a":0,"k":0,"ix":10},"p":{"a":0,"k":[607,772,0],"ix":2},"a":{"a":0,"k":[109,94,0],"ix":1},"s":{"a":0,"k":[100,100,100],"ix":6}},"ao":0,"ip":0,"op":250,"st":0,"bm":0},{"ddd":0,"ind":2,"ty":2,"nm":"路径 23备份","refId":"image_18","sr":1,"ks":{"o":{"a":0,"k":12.941,"ix":11},"r":{"a":0,"k":0,"ix":10},"p":{"a":0,"k":[600,774.5,0],"ix":2},"a":{"a":0,"k":[105,90.5,0],"ix":1},"s":{"a":0,"k":[100,100,100],"ix":6}},"ao":0,"hasMask":true,"masksProperties":[{"inv":false,"mode":"n","pt":{"a":0,"k":{"i":[[-5.044,-1.785],[0,0],[2.84,-13.822],[0,0],[10.35,10.671],[0,0],[-5.974,4.598],[0,0]],"o":[[0,0],[0,0],[-2.84,13.822],[0,0],[-10.35,-10.671],[0,0],[5.974,-4.598],[5.518,-4.734]],"v":[[81.991,2.048],[200.34,82.291],[209.455,103.244],[104.096,179.875],[81.991,173.161],[3.11,66.176],[3.11,51.962],[66.256,4.988]],"c":true},"ix":1},"o":{"a":0,"k":100,"ix":3},"x":{"a":0,"k":0,"ix":4},"nm":"蒙版 1"}],"ip":0,"op":250,"st":0,"bm":0}]},{"id":"comp_10","layers":[{"ddd":0,"ind":1,"ty":2,"nm":"图层 1 拷贝","refId":"image_19","sr":1,"ks":{"o":{"a":0,"k":100,"ix":11},"r":{"a":0,"k":0,"ix":10},"p":{"a":0,"k":[159,770,0],"ix":2},"a":{"a":0,"k":[109,94,0],"ix":1},"s":{"a":0,"k":[100,100,100],"ix":6}},"ao":0,"ip":0,"op":250,"st":0,"bm":0},{"ddd":0,"ind":2,"ty":2,"nm":"路径 23备份","refId":"image_20","sr":1,"ks":{"o":{"a":0,"k":18.824,"ix":11},"r":{"a":0,"k":0,"ix":10},"p":{"a":0,"k":[170,766.5,0],"ix":2},"a":{"a":0,"k":[105,90.5,0],"ix":1},"s":{"a":0,"k":[100,100,100],"ix":6}},"ao":0,"hasMask":true,"masksProperties":[{"inv":false,"mode":"n","pt":{"a":0,"k":{"i":[[5.044,-1.785],[0,0],[-2.84,-13.822],[0,0],[-10.35,10.671],[0,0],[5.974,4.598],[0,0]],"o":[[0,0],[0,0],[2.84,13.822],[0,0],[10.35,-10.671],[0,0],[-5.973,-4.598],[-5.518,-4.734]],"v":[[128.009,2.048],[9.66,82.291],[0.545,103.244],[105.904,179.875],[128.009,173.161],[206.89,66.176],[206.89,51.962],[143.744,4.988]],"c":true},"ix":1},"o":{"a":0,"k":100,"ix":3},"x":{"a":0,"k":0,"ix":4},"nm":"蒙版 1"}],"ip":0,"op":250,"st":0,"bm":0}]},{"id":"comp_11","layers":[{"ddd":0,"ind":2,"ty":2,"nm":"图层 1","refId":"image_21","sr":1,"ks":{"o":{"a":0,"k":100,"ix":11},"r":{"a":0,"k":0,"ix":10},"p":{"a":0,"k":[384.5,813.5,0],"ix":2},"a":{"a":0,"k":[141.5,117.5,0],"ix":1},"s":{"a":0,"k":[100,100,100],"ix":6}},"ao":0,"ip":0,"op":250,"st":0,"bm":0},{"ddd":0,"ind":3,"ty":2,"nm":"蒙版","refId":"image_22","sr":1,"ks":{"o":{"a":0,"k":19.216,"ix":11},"r":{"a":0,"k":0,"ix":10},"p":{"a":0,"k":[384.5,824.5,0],"ix":2},"a":{"a":0,"k":[131.5,114.5,0],"ix":1},"s":{"a":0,"k":[100,100,100],"ix":6}},"ao":0,"hasMask":true,"masksProperties":[{"inv":false,"mode":"n","pt":{"a":0,"k":{"i":[[2.535,-7.758],[0,0],[-20.662,-9.158],[0,0],[-3.233,21.637],[0,0],[27.558,-2.252],[0,0]],"o":[[0,0],[0,0],[21.035,5.844],[0,0],[-1.777,-23.965],[0,0],[-27.443,2.243],[-2.692,0.844]],"v":[[36.812,6.351],[-0.015,195.712],[19.726,225.879],[241.912,227.415],[263.001,202.564],[227.123,16.368],[195.622,1.156],[44.813,1.156]],"c":true},"ix":1},"o":{"a":0,"k":100,"ix":3},"x":{"a":0,"k":0,"ix":4},"nm":"蒙版 1"}],"ip":0,"op":250,"st":0,"bm":0}]},{"id":"comp_12","layers":[{"ddd":0,"ind":1,"ty":2,"nm":"图层 6 拷贝","refId":"image_24","sr":1,"ks":{"o":{"a":0,"k":100,"ix":11},"r":{"a":0,"k":0,"ix":10},"p":{"a":0,"k":[103,608.5,0],"ix":2},"a":{"a":0,"k":[17,14.5,0],"ix":1},"s":{"a":0,"k":[100,100,100],"ix":6}},"ao":0,"ip":0,"op":250,"st":0,"bm":0},{"ddd":0,"ind":2,"ty":0,"nm":"编组 3备份","refId":"comp_13","sr":1,"ks":{"o":{"a":0,"k":100,"ix":11},"r":{"a":0,"k":0,"ix":10},"p":{"a":0,"k":[375,812,0],"ix":2},"a":{"a":0,"k":[375,812,0],"ix":1},"s":{"a":0,"k":[100,100,100],"ix":6}},"ao":0,"w":750,"h":1624,"ip":0,"op":250,"st":0,"bm":0},{"ddd":0,"ind":3,"ty":2,"nm":"椭圆形","refId":"image_25","sr":1,"ks":{"o":{"a":0,"k":100,"ix":11},"r":{"a":0,"k":0,"ix":10},"p":{"a":0,"k":[59.5,597.5,0],"ix":2},"a":{"a":0,"k":[8.5,8.5,0],"ix":1},"s":{"a":0,"k":[100,100,100],"ix":6}},"ao":0,"hasMask":true,"masksProperties":[{"inv":false,"mode":"n","pt":{"a":0,"k":{"i":[[0.982,-2.313],[2.313,0.982],[-0.982,2.313],[-2.313,-0.982]],"o":[[-0.982,2.313],[-2.313,-0.982],[0.982,-2.313],[2.313,0.982]],"v":[[12.721,10.275],[6.755,12.686],[4.344,6.72],[10.31,4.309]],"c":true},"ix":1},"o":{"a":0,"k":100,"ix":3},"x":{"a":0,"k":0,"ix":4},"nm":"蒙版 1"}],"ip":0,"op":250,"st":0,"bm":0},{"ddd":0,"ind":4,"ty":2,"nm":"椭圆形备份 2","refId":"image_26","sr":1,"ks":{"o":{"a":0,"k":85.882,"ix":11},"r":{"a":0,"k":0,"ix":10},"p":{"a":0,"k":[60,598.5,0],"ix":2},"a":{"a":0,"k":[15,14.5,0],"ix":1},"s":{"a":0,"k":[100,100,100],"ix":6}},"ao":0,"hasMask":true,"masksProperties":[{"inv":false,"mode":"n","pt":{"a":0,"k":{"i":[[1.964,-4.626],[4.626,1.964],[-1.964,4.626],[-4.626,-1.964]],"o":[[-1.964,4.626],[-4.626,-1.964],[1.964,-4.626],[4.626,1.964]],"v":[[23.391,18.246],[11.459,23.067],[6.638,11.135],[18.57,6.314]],"c":true},"ix":1},"o":{"a":0,"k":100,"ix":3},"x":{"a":0,"k":0,"ix":4},"nm":"蒙版 1"}],"ip":0,"op":250,"st":0,"bm":0},{"ddd":0,"ind":5,"ty":2,"nm":"路径 4","refId":"image_27","sr":1,"ks":{"o":{"a":0,"k":100,"ix":11},"r":{"a":0,"k":0,"ix":10},"p":{"a":0,"k":[108,608.5,0],"ix":2},"a":{"a":0,"k":[33,24.5,0],"ix":1},"s":{"a":0,"k":[100,100,100],"ix":6}},"ao":0,"hasMask":true,"masksProperties":[{"inv":false,"mode":"n","pt":{"a":0,"k":{"i":[[0,0],[-14.636,8.483],[0,0],[2.395,-2.522],[15.379,4.525],[0,0],[4.246,5.774]],"o":[[0,0],[2.611,0.975],[0,0],[-2.395,2.522],[-2.581,-3.844],[0,0],[-4.246,-5.774]],"v":[[1.219,14.584],[35.695,0.616],[64.217,25.105],[63.595,29.69],[6.592,47.594],[10.133,39.252],[20.755,35.814]],"c":true},"ix":1},"o":{"a":0,"k":100,"ix":3},"x":{"a":0,"k":0,"ix":4},"nm":"蒙版 1"}],"ip":0,"op":250,"st":0,"bm":0},{"ddd":0,"ind":6,"ty":2,"nm":"路径 5","refId":"image_28","sr":1,"ks":{"o":{"a":0,"k":100,"ix":11},"r":{"a":0,"k":0,"ix":10},"p":{"a":0,"k":[69,613.5,0],"ix":2},"a":{"a":0,"k":[17,18.5,0],"ix":1},"s":{"a":0,"k":[100,100,100],"ix":6}},"ao":0,"hasMask":true,"masksProperties":[{"inv":false,"mode":"n","pt":{"a":0,"k":{"i":[[0,0],[-3.47,-4.178],[0,0],[0,0]],"o":[[0,0],[3.47,4.178],[0,0],[0,0]],"v":[[2.464,0.257],[1.948,7.535],[29.592,36.594],[33.133,28.252]],"c":true},"ix":1},"o":{"a":0,"k":100,"ix":3},"x":{"a":0,"k":0,"ix":4},"nm":"蒙版 1"}],"ip":0,"op":250,"st":0,"bm":0},{"ddd":0,"ind":7,"ty":2,"nm":"路径 3","refId":"image_29","sr":1,"ks":{"o":{"a":0,"k":100,"ix":11},"r":{"a":0,"k":0,"ix":10},"p":{"a":0,"k":[75.5,609.5,0],"ix":2},"a":{"a":0,"k":[21.5,15.5,0],"ix":1},"s":{"a":0,"k":[100,100,100],"ix":6}},"ao":0,"hasMask":true,"masksProperties":[{"inv":false,"mode":"n","pt":{"a":0,"k":{"i":[[1.267,0.538],[0,0],[-8.008,-5.224],[1.682,-3.962]],"o":[[-1.267,-0.538],[0,0],[8.008,5.224],[-6.274,2.485]],"v":[[28.158,27.978],[0.464,1.257],[21.062,3.774],[42.755,29.498]],"c":true},"ix":1},"o":{"a":0,"k":100,"ix":3},"x":{"a":0,"k":0,"ix":4},"nm":"蒙版 1"}],"ip":0,"op":250,"st":0,"bm":0}]},{"id":"comp_13","layers":[]},{"id":"comp_14","layers":[{"ddd":0,"ind":1,"ty":0,"nm":"编组 3备份","refId":"comp_15","sr":1,"ks":{"o":{"a":0,"k":100,"ix":11},"r":{"a":0,"k":0,"ix":10},"p":{"a":0,"k":[375,812,0],"ix":2},"a":{"a":0,"k":[375,812,0],"ix":1},"s":{"a":0,"k":[100,100,100],"ix":6}},"ao":0,"w":750,"h":1624,"ip":0,"op":250,"st":0,"bm":0},{"ddd":0,"ind":2,"ty":2,"nm":"椭圆形","refId":"image_30","sr":1,"ks":{"o":{"a":0,"k":100,"ix":11},"r":{"a":0,"k":0,"ix":10},"p":{"a":0,"k":[676,644,0],"ix":2},"a":{"a":0,"k":[11,11,0],"ix":1},"s":{"a":0,"k":[100,100,100],"ix":6}},"ao":0,"hasMask":true,"masksProperties":[{"inv":false,"mode":"n","pt":{"a":0,"k":{"i":[[-0.5,-3.555],[-3.555,0.5],[0.5,3.555],[3.555,-0.5]],"o":[[0.5,3.555],[3.555,-0.5],[-0.5,-3.555],[-3.555,0.5]],"v":[[4.129,12.157],[11.471,17.689],[17.003,10.348],[9.662,4.816]],"c":true},"ix":1},"o":{"a":0,"k":100,"ix":3},"x":{"a":0,"k":0,"ix":4},"nm":"蒙版 1"}],"ip":0,"op":250,"st":0,"bm":0},{"ddd":0,"ind":3,"ty":2,"nm":"椭圆形备份 2","refId":"image_31","sr":1,"ks":{"o":{"a":0,"k":85.882,"ix":11},"r":{"a":0,"k":0,"ix":10},"p":{"a":0,"k":[674.5,645.5,0],"ix":2},"a":{"a":0,"k":[20.5,20.5,0],"ix":1},"s":{"a":0,"k":[100,100,100],"ix":6}},"ao":0,"hasMask":true,"masksProperties":[{"inv":false,"mode":"n","pt":{"a":0,"k":{"i":[[-0.999,-7.11],[-7.11,0.999],[0.999,7.11],[7.11,-0.999]],"o":[[0.999,7.11],[7.11,-0.999],[-0.999,-7.11],[-7.11,0.999]],"v":[[7.586,22.53],[22.269,33.594],[33.333,18.912],[18.651,7.847]],"c":true},"ix":1},"o":{"a":0,"k":100,"ix":3},"x":{"a":0,"k":0,"ix":4},"nm":"蒙版 1"}],"ip":0,"op":250,"st":0,"bm":0},{"ddd":0,"ind":4,"ty":2,"nm":"图层 6","refId":"image_32","sr":1,"ks":{"o":{"a":0,"k":100,"ix":11},"r":{"a":0,"k":0,"ix":10},"p":{"a":0,"k":[613.5,642,0],"ix":2},"a":{"a":0,"k":[20.5,14,0],"ix":1},"s":{"a":0,"k":[100,100,100],"ix":6}},"ao":0,"ip":0,"op":250,"st":0,"bm":0},{"ddd":0,"ind":5,"ty":2,"nm":"路径 4","refId":"image_33","sr":1,"ks":{"o":{"a":0,"k":100,"ix":11},"r":{"a":0,"k":0,"ix":10},"p":{"a":0,"k":[605.5,645,0],"ix":2},"a":{"a":0,"k":[47.5,39,0],"ix":1},"s":{"a":0,"k":[100,100,100],"ix":6}},"ao":0,"hasMask":true,"masksProperties":[{"inv":false,"mode":"n","pt":{"a":0,"k":{"i":[[0,0],[17.059,17.118],[0,0],[-2.372,-4.366],[-22.894,0.558],[0,0],[-7.994,6.398]],"o":[[0,0],[-3.963,0.38],[0,0],[2.372,4.366],[4.983,-4.35],[0,0],[7.994,-6.398]],"v":[[94.139,33.583],[51.73,1.56],[3.318,24.807],[2.481,31.365],[74.52,77.145],[72.718,64.325],[59.332,55.654]],"c":true},"ix":1},"o":{"a":0,"k":100,"ix":3},"x":{"a":0,"k":0,"ix":4},"nm":"蒙版 1"}],"ip":0,"op":250,"st":0,"bm":0},{"ddd":0,"ind":6,"ty":2,"nm":"路径 5","refId":"image_34","sr":1,"ks":{"o":{"a":0,"k":100,"ix":11},"r":{"a":0,"k":0,"ix":10},"p":{"a":0,"k":[657.5,663.5,0],"ix":2},"a":{"a":0,"k":[27.5,20.5,0],"ix":1},"s":{"a":0,"k":[100,100,100],"ix":6}},"ao":0,"hasMask":true,"masksProperties":[{"inv":false,"mode":"n","pt":{"a":0,"k":{"i":[[0,0],[6.333,-4.483],[0,0],[0,0]],"o":[[0,0],[-6.333,4.483],[0,0],[0,0]],"v":[[53.388,0.034],[51.409,10.269],[2.52,40.145],[0.718,27.325]],"c":true},"ix":1},"o":{"a":0,"k":100,"ix":3},"x":{"a":0,"k":0,"ix":4},"nm":"蒙版 1"}],"ip":0,"op":250,"st":0,"bm":0},{"ddd":0,"ind":7,"ty":2,"nm":"路径 3","refId":"image_35","sr":1,"ks":{"o":{"a":0,"k":100,"ix":11},"r":{"a":0,"k":0,"ix":10},"p":{"a":0,"k":[649,654,0],"ix":2},"a":{"a":0,"k":[35,17,0],"ix":1},"s":{"a":0,"k":[100,100,100],"ix":6}},"ao":0,"hasMask":true,"masksProperties":[{"inv":false,"mode":"n","pt":{"a":0,"k":{"i":[[-1.948,0.274],[0,0],[12.982,-4.247],[-0.856,-6.089]],"o":[[1.948,-0.274],[0,0],[-12.982,4.247],[7.738,5.749]],"v":[[21.294,32.667],[69.388,6.034],[40.035,1.893],[0.59,29.368]],"c":true},"ix":1},"o":{"a":0,"k":100,"ix":3},"x":{"a":0,"k":0,"ix":4},"nm":"蒙版 1"}],"ip":0,"op":250,"st":0,"bm":0}]},{"id":"comp_15","layers":[]},{"id":"comp_16","layers":[{"ddd":0,"ind":1,"ty":2,"nm":"路径 17备份 2","refId":"image_36","sr":1,"ks":{"o":{"a":0,"k":100,"ix":11},"r":{"a":0,"k":0,"ix":10},"p":{"a":0,"k":[356,928,0],"ix":2},"a":{"a":0,"k":[8,9,0],"ix":1},"s":{"a":0,"k":[100,100,100],"ix":6}},"ao":0,"hasMask":true,"masksProperties":[{"inv":false,"mode":"n","pt":{"a":0,"k":{"i":[[0,0],[0,0],[0,0],[0,0]],"o":[[0,0],[0,0],[0,0],[0,0]],"v":[[7.875,3.945],[3,9.003],[7.875,14.166],[12.982,9.056]],"c":true},"ix":1},"o":{"a":0,"k":100,"ix":3},"x":{"a":0,"k":0,"ix":4},"nm":"蒙版 1"}],"ip":0,"op":250,"st":0,"bm":0},{"ddd":0,"ind":2,"ty":2,"nm":"路径 17备份","refId":"image_37","sr":1,"ks":{"o":{"a":0,"k":100,"ix":11},"r":{"a":0,"k":0,"ix":10},"p":{"a":0,"k":[120,868,0],"ix":2},"a":{"a":0,"k":[8,9,0],"ix":1},"s":{"a":0,"k":[100,100,100],"ix":6}},"ao":0,"hasMask":true,"masksProperties":[{"inv":false,"mode":"n","pt":{"a":0,"k":{"i":[[0,0],[0,0],[0,0],[0,0]],"o":[[0,0],[0,0],[0,0],[0,0]],"v":[[7.875,3.946],[3,9.003],[7.875,14.166],[12.982,9.056]],"c":true},"ix":1},"o":{"a":0,"k":100,"ix":3},"x":{"a":0,"k":0,"ix":4},"nm":"蒙版 1"}],"ip":0,"op":250,"st":0,"bm":0},{"ddd":0,"ind":3,"ty":2,"nm":"路径 17","refId":"image_38","sr":1,"ks":{"o":{"a":0,"k":100,"ix":11},"r":{"a":0,"k":0,"ix":10},"p":{"a":0,"k":[260,844,0],"ix":2},"a":{"a":0,"k":[8,9,0],"ix":1},"s":{"a":0,"k":[100,100,100],"ix":6}},"ao":0,"hasMask":true,"masksProperties":[{"inv":false,"mode":"n","pt":{"a":0,"k":{"i":[[0,0],[0,0],[0,0],[0,0]],"o":[[0,0],[0,0],[0,0],[0,0]],"v":[[7.875,3.946],[3,9.003],[7.875,14.166],[12.982,9.056]],"c":true},"ix":1},"o":{"a":0,"k":100,"ix":3},"x":{"a":0,"k":0,"ix":4},"nm":"蒙版 1"}],"ip":0,"op":250,"st":0,"bm":0},{"ddd":0,"ind":4,"ty":2,"nm":"路径 16备份","refId":"image_39","sr":1,"ks":{"o":{"a":0,"k":100,"ix":11},"r":{"a":0,"k":0,"ix":10},"p":{"a":0,"k":[639,823.5,0],"ix":2},"a":{"a":0,"k":[11,12.5,0],"ix":1},"s":{"a":0,"k":[100,100,100],"ix":6}},"ao":0,"hasMask":true,"masksProperties":[{"inv":false,"mode":"n","pt":{"a":0,"k":{"i":[[0,0],[0,0],[0,0],[0,0]],"o":[[0,0],[0,0],[0,0],[0,0]],"v":[[11.838,3.945],[3,11.698],[11.838,21.286],[18.913,12.616]],"c":true},"ix":1},"o":{"a":0,"k":100,"ix":3},"x":{"a":0,"k":0,"ix":4},"nm":"蒙版 1"}],"ip":0,"op":250,"st":0,"bm":0},{"ddd":0,"ind":5,"ty":2,"nm":"路径 16","refId":"image_40","sr":1,"ks":{"o":{"a":0,"k":100,"ix":11},"r":{"a":0,"k":0,"ix":10},"p":{"a":0,"k":[215,799.5,0],"ix":2},"a":{"a":0,"k":[11,12.5,0],"ix":1},"s":{"a":0,"k":[100,100,100],"ix":6}},"ao":0,"hasMask":true,"masksProperties":[{"inv":false,"mode":"n","pt":{"a":0,"k":{"i":[[0,0],[0,0],[0,0],[0,0]],"o":[[0,0],[0,0],[0,0],[0,0]],"v":[[11.838,3.946],[3,11.698],[11.838,21.286],[18.913,12.616]],"c":true},"ix":1},"o":{"a":0,"k":100,"ix":3},"x":{"a":0,"k":0,"ix":4},"nm":"蒙版 1"}],"ip":0,"op":250,"st":0,"bm":0},{"ddd":0,"ind":6,"ty":2,"nm":"路径 15备份","refId":"image_41","sr":1,"ks":{"o":{"a":0,"k":100,"ix":11},"r":{"a":0,"k":0,"ix":10},"p":{"a":0,"k":[47,816.5,0],"ix":2},"a":{"a":0,"k":[2,3.5,0],"ix":1},"s":{"a":0,"k":[100,100,100],"ix":6}},"ao":0,"hasMask":true,"masksProperties":[{"inv":false,"mode":"n","pt":{"a":0,"k":{"i":[[0,0],[0,0],[0,0],[0,0]],"o":[[0,0],[0,0],[0,0],[0,0]],"v":[[0.948,1.549],[3.16,0.778],[3.602,6.128],[1.891,6.687]],"c":true},"ix":1},"o":{"a":0,"k":100,"ix":3},"x":{"a":0,"k":0,"ix":4},"nm":"蒙版 1"}],"ip":0,"op":250,"st":0,"bm":0},{"ddd":0,"ind":7,"ty":2,"nm":"路径 15备份 3","refId":"image_42","sr":1,"ks":{"o":{"a":0,"k":100,"ix":11},"r":{"a":0,"k":0,"ix":10},"p":{"a":0,"k":[643,892,0],"ix":2},"a":{"a":0,"k":[3,4,0],"ix":1},"s":{"a":0,"k":[100,100,100],"ix":6}},"ao":0,"hasMask":true,"masksProperties":[{"inv":false,"mode":"n","pt":{"a":0,"k":{"i":[[0,0],[0,0],[0,0],[0,0]],"o":[[0,0],[0,0],[0,0],[0,0]],"v":[[2.414,0.25],[5.66,0.997],[3.246,7.681],[0.755,7.057]],"c":true},"ix":1},"o":{"a":0,"k":100,"ix":3},"x":{"a":0,"k":0,"ix":4},"nm":"蒙版 1"}],"ip":0,"op":250,"st":0,"bm":0},{"ddd":0,"ind":8,"ty":2,"nm":"路径 15备份 2","refId":"image_43","sr":1,"ks":{"o":{"a":0,"k":100,"ix":11},"r":{"a":0,"k":0,"ix":10},"p":{"a":0,"k":[254,939,0],"ix":2},"a":{"a":0,"k":[3,4,0],"ix":1},"s":{"a":0,"k":[100,100,100],"ix":6}},"ao":0,"hasMask":true,"masksProperties":[{"inv":false,"mode":"n","pt":{"a":0,"k":{"i":[[0,0],[0,0],[0,0],[0,0]],"o":[[0,0],[0,0],[0,0],[0,0]],"v":[[2.414,0.25],[5.66,0.997],[3.246,7.681],[0.755,7.057]],"c":true},"ix":1},"o":{"a":0,"k":100,"ix":3},"x":{"a":0,"k":0,"ix":4},"nm":"蒙版 1"}],"ip":0,"op":250,"st":0,"bm":0},{"ddd":0,"ind":9,"ty":2,"nm":"路径 15","refId":"image_44","sr":1,"ks":{"o":{"a":0,"k":100,"ix":11},"r":{"a":0,"k":0,"ix":10},"p":{"a":0,"k":[141,778.5,0],"ix":2},"a":{"a":0,"k":[3,4.5,0],"ix":1},"s":{"a":0,"k":[100,100,100],"ix":6}},"ao":0,"hasMask":true,"masksProperties":[{"inv":false,"mode":"n","pt":{"a":0,"k":{"i":[[0,0],[0,0],[0,0],[0,0]],"o":[[0,0],[0,0],[0,0],[0,0]],"v":[[0,2.81],[2.76,0.945],[6.002,7.269],[3.847,8.666]],"c":true},"ix":1},"o":{"a":0,"k":100,"ix":3},"x":{"a":0,"k":0,"ix":4},"nm":"蒙版 1"}],"ip":0,"op":250,"st":0,"bm":0},{"ddd":0,"ind":10,"ty":2,"nm":"路径 14备份","refId":"image_45","sr":1,"ks":{"o":{"a":0,"k":100,"ix":11},"r":{"a":0,"k":0,"ix":10},"p":{"a":0,"k":[64,846,0],"ix":2},"a":{"a":0,"k":[3,4,0],"ix":1},"s":{"a":0,"k":[100,100,100],"ix":6}},"ao":0,"hasMask":true,"masksProperties":[{"inv":false,"mode":"n","pt":{"a":0,"k":{"i":[[0,0],[0,0],[0,0],[0,0]],"o":[[0,0],[0,0],[0,0],[0,0]],"v":[[0.232,0.631],[4.416,0.168],[5.375,8],[2.032,7.961]],"c":true},"ix":1},"o":{"a":0,"k":100,"ix":3},"x":{"a":0,"k":0,"ix":4},"nm":"蒙版 1"}],"ip":0,"op":250,"st":0,"bm":0},{"ddd":0,"ind":11,"ty":2,"nm":"路径 14备份 2","refId":"image_46","sr":1,"ks":{"o":{"a":0,"k":100,"ix":11},"r":{"a":0,"k":0,"ix":10},"p":{"a":0,"k":[186.5,939,0],"ix":2},"a":{"a":0,"k":[5.5,3,0],"ix":1},"s":{"a":0,"k":[100,100,100],"ix":6}},"ao":0,"hasMask":true,"masksProperties":[{"inv":false,"mode":"n","pt":{"a":0,"k":{"i":[[0,0],[0,0],[0,0],[0,0]],"o":[[0,0],[0,0],[0,0],[0,0]],"v":[[0.349,5.657],[0.047,0.03],[10.99,0.357],[10.665,4.769]],"c":true},"ix":1},"o":{"a":0,"k":100,"ix":3},"x":{"a":0,"k":0,"ix":4},"nm":"蒙版 1"}],"ip":0,"op":250,"st":0,"bm":0},{"ddd":0,"ind":12,"ty":2,"nm":"路径 14备份 3","refId":"image_47","sr":1,"ks":{"o":{"a":0,"k":100,"ix":11},"r":{"a":0,"k":0,"ix":10},"p":{"a":0,"k":[634.5,862.5,0],"ix":2},"a":{"a":0,"k":[5.5,6.5,0],"ix":1},"s":{"a":0,"k":[100,100,100],"ix":6}},"ao":0,"hasMask":true,"masksProperties":[{"inv":false,"mode":"n","pt":{"a":0,"k":{"i":[[0,0],[0,0],[0,0],[0,0]],"o":[[0,0],[0,0],[0,0],[0,0]],"v":[[0,4.342],[4.496,0.945],[10.345,10.2],[6.505,12.398]],"c":true},"ix":1},"o":{"a":0,"k":100,"ix":3},"x":{"a":0,"k":0,"ix":4},"nm":"蒙版 1"}],"ip":0,"op":250,"st":0,"bm":0},{"ddd":0,"ind":13,"ty":2,"nm":"路径 14","refId":"image_48","sr":1,"ks":{"o":{"a":0,"k":100,"ix":11},"r":{"a":0,"k":0,"ix":10},"p":{"a":0,"k":[114.5,784.5,0],"ix":2},"a":{"a":0,"k":[5.5,6.5,0],"ix":1},"s":{"a":0,"k":[100,100,100],"ix":6}},"ao":0,"hasMask":true,"masksProperties":[{"inv":false,"mode":"n","pt":{"a":0,"k":{"i":[[0,0],[0,0],[0,0],[0,0]],"o":[[0,0],[0,0],[0,0],[0,0]],"v":[[0,4.342],[4.496,0.946],[10.345,10.201],[6.505,12.398]],"c":true},"ix":1},"o":{"a":0,"k":100,"ix":3},"x":{"a":0,"k":0,"ix":4},"nm":"蒙版 1"}],"ip":0,"op":250,"st":0,"bm":0},{"ddd":0,"ind":14,"ty":2,"nm":"路径 13","refId":"image_49","sr":1,"ks":{"o":{"a":0,"k":100,"ix":11},"r":{"a":0,"k":0,"ix":10},"p":{"a":0,"k":[72,769.5,0],"ix":2},"a":{"a":0,"k":[3,2.5,0],"ix":1},"s":{"a":0,"k":[100,100,100],"ix":6}},"ao":0,"hasMask":true,"masksProperties":[{"inv":false,"mode":"n","pt":{"a":0,"k":{"i":[[0,0],[0,0],[0,0],[0,0]],"o":[[0,0],[0,0],[0,0],[0,0]],"v":[[0.967,0.851],[5.928,0.851],[5.928,4.454],[0.967,4.454]],"c":true},"ix":1},"o":{"a":0,"k":100,"ix":3},"x":{"a":0,"k":0,"ix":4},"nm":"蒙版 1"}],"ip":0,"op":250,"st":0,"bm":0},{"ddd":0,"ind":15,"ty":2,"nm":"路径 12","refId":"image_50","sr":1,"ks":{"o":{"a":0,"k":100,"ix":11},"r":{"a":0,"k":0,"ix":10},"p":{"a":0,"k":[178,735,0],"ix":2},"a":{"a":0,"k":[5,5,0],"ix":1},"s":{"a":0,"k":[100,100,100],"ix":6}},"ao":0,"hasMask":true,"masksProperties":[{"inv":false,"mode":"n","pt":{"a":0,"k":{"i":[[0,0],[0,0],[0,0],[0,0]],"o":[[0,0],[0,0],[0,0],[0,0]],"v":[[4.611,0.946],[0,5.366],[4.611,9.237],[9.329,5.366]],"c":true},"ix":1},"o":{"a":0,"k":100,"ix":3},"x":{"a":0,"k":0,"ix":4},"nm":"蒙版 1"}],"ip":0,"op":250,"st":0,"bm":0},{"ddd":0,"ind":16,"ty":2,"nm":"路径 11备份 2","refId":"image_51","sr":1,"ks":{"o":{"a":0,"k":100,"ix":11},"r":{"a":0,"k":0,"ix":10},"p":{"a":0,"k":[134,934,0],"ix":2},"a":{"a":0,"k":[4,2,0],"ix":1},"s":{"a":0,"k":[100,100,100],"ix":6}},"ao":0,"hasMask":true,"masksProperties":[{"inv":false,"mode":"n","pt":{"a":0,"k":{"i":[[0,0],[0,0]],"o":[[0,0],[0,0]],"v":[[0.5,1.445],[7.5,2.446]],"c":true},"ix":1},"o":{"a":0,"k":100,"ix":3},"x":{"a":0,"k":0,"ix":4},"nm":"蒙版 1"}],"ip":0,"op":250,"st":0,"bm":0},{"ddd":0,"ind":17,"ty":2,"nm":"路径 11备份 3","refId":"image_52","sr":1,"ks":{"o":{"a":0,"k":100,"ix":11},"r":{"a":0,"k":0,"ix":10},"p":{"a":0,"k":[570.5,896,0],"ix":2},"a":{"a":0,"k":[4.5,4,0],"ix":1},"s":{"a":0,"k":[100,100,100],"ix":6}},"ao":0,"hasMask":true,"masksProperties":[{"inv":false,"mode":"n","pt":{"a":0,"k":{"i":[[0,0],[0,0]],"o":[[0,0],[0,0]],"v":[[0.75,6.696],[8.25,1.196]],"c":true},"ix":1},"o":{"a":0,"k":100,"ix":3},"x":{"a":0,"k":0,"ix":4},"nm":"蒙版 1"}],"ip":0,"op":250,"st":0,"bm":0},{"ddd":0,"ind":18,"ty":2,"nm":"路径 11备份 4","refId":"image_53","sr":1,"ks":{"o":{"a":0,"k":100,"ix":11},"r":{"a":0,"k":0,"ix":10},"p":{"a":0,"k":[506,712,0],"ix":2},"a":{"a":0,"k":[4,2,0],"ix":1},"s":{"a":0,"k":[100,100,100],"ix":6}},"ao":0,"hasMask":true,"masksProperties":[{"inv":false,"mode":"n","pt":{"a":0,"k":{"i":[[0,0],[0,0]],"o":[[0,0],[0,0]],"v":[[0.5,1.445],[7.5,2.446]],"c":true},"ix":1},"o":{"a":0,"k":100,"ix":3},"x":{"a":0,"k":0,"ix":4},"nm":"蒙版 1"}],"ip":0,"op":250,"st":0,"bm":0},{"ddd":0,"ind":19,"ty":2,"nm":"路径 11备份","refId":"image_54","sr":1,"ks":{"o":{"a":0,"k":100,"ix":11},"r":{"a":0,"k":0,"ix":10},"p":{"a":0,"k":[230,782,0],"ix":2},"a":{"a":0,"k":[4,2,0],"ix":1},"s":{"a":0,"k":[100,100,100],"ix":6}},"ao":0,"hasMask":true,"masksProperties":[{"inv":false,"mode":"n","pt":{"a":0,"k":{"i":[[0,0],[0,0]],"o":[[0,0],[0,0]],"v":[[0.5,1.446],[7.5,2.445]],"c":true},"ix":1},"o":{"a":0,"k":100,"ix":3},"x":{"a":0,"k":0,"ix":4},"nm":"蒙版 1"}],"ip":0,"op":250,"st":0,"bm":0},{"ddd":0,"ind":20,"ty":2,"nm":"路径 11","refId":"image_55","sr":1,"ks":{"o":{"a":0,"k":100,"ix":11},"r":{"a":0,"k":0,"ix":10},"p":{"a":0,"k":[83,713,0],"ix":2},"a":{"a":0,"k":[3,3,0],"ix":1},"s":{"a":0,"k":[100,100,100],"ix":6}},"ao":0,"hasMask":true,"masksProperties":[{"inv":false,"mode":"n","pt":{"a":0,"k":{"i":[[0,0],[0,0]],"o":[[0,0],[0,0]],"v":[[1,0.945],[5.034,4.471]],"c":true},"ix":1},"o":{"a":0,"k":100,"ix":3},"x":{"a":0,"k":0,"ix":4},"nm":"蒙版 1"}],"ip":0,"op":250,"st":0,"bm":0},{"ddd":0,"ind":21,"ty":2,"nm":"路径 10备份","refId":"image_56","sr":1,"ks":{"o":{"a":0,"k":100,"ix":11},"r":{"a":0,"k":0,"ix":10},"p":{"a":0,"k":[621.5,913,0],"ix":2},"a":{"a":0,"k":[5.5,5,0],"ix":1},"s":{"a":0,"k":[100,100,100],"ix":6}},"ao":0,"hasMask":true,"masksProperties":[{"inv":false,"mode":"n","pt":{"a":0,"k":{"i":[[0,0],[0,0],[0,0],[0,0]],"o":[[0,0],[0,0],[0,0],[0,0]],"v":[[0,5.245],[8.187,0.945],[10.171,6.53],[3.307,9.139]],"c":true},"ix":1},"o":{"a":0,"k":100,"ix":3},"x":{"a":0,"k":0,"ix":4},"nm":"蒙版 1"}],"ip":0,"op":250,"st":0,"bm":0},{"ddd":0,"ind":22,"ty":2,"nm":"路径 10","refId":"image_57","sr":1,"ks":{"o":{"a":0,"k":100,"ix":11},"r":{"a":0,"k":0,"ix":10},"p":{"a":0,"k":[131.5,750,0],"ix":2},"a":{"a":0,"k":[5.5,5,0],"ix":1},"s":{"a":0,"k":[100,100,100],"ix":6}},"ao":0,"hasMask":true,"masksProperties":[{"inv":false,"mode":"n","pt":{"a":0,"k":{"i":[[0,0],[0,0],[0,0],[0,0]],"o":[[0,0],[0,0],[0,0],[0,0]],"v":[[0,5.245],[8.187,0.946],[10.171,6.531],[3.307,9.139]],"c":true},"ix":1},"o":{"a":0,"k":100,"ix":3},"x":{"a":0,"k":0,"ix":4},"nm":"蒙版 1"}],"ip":0,"op":250,"st":0,"bm":0},{"ddd":0,"ind":23,"ty":2,"nm":"路径 9备份","refId":"image_58","sr":1,"ks":{"o":{"a":0,"k":100,"ix":11},"r":{"a":0,"k":0,"ix":10},"p":{"a":0,"k":[687.5,730.5,0],"ix":2},"a":{"a":0,"k":[6.5,6.5,0],"ix":1},"s":{"a":0,"k":[100,100,100],"ix":6}},"ao":0,"hasMask":true,"masksProperties":[{"inv":false,"mode":"n","pt":{"a":0,"k":{"i":[[0,0],[0,0],[0,0],[0,0]],"o":[[0,0],[0,0],[0,0],[0,0]],"v":[[0,8.185],[4.352,12.696],[12.241,4.982],[8.31,0.945]],"c":true},"ix":1},"o":{"a":0,"k":100,"ix":3},"x":{"a":0,"k":0,"ix":4},"nm":"蒙版 1"}],"ip":0,"op":250,"st":0,"bm":0},{"ddd":0,"ind":24,"ty":2,"nm":"路径 9备份 2","refId":"image_59","sr":1,"ks":{"o":{"a":0,"k":100,"ix":11},"r":{"a":0,"k":0,"ix":10},"p":{"a":0,"k":[669.5,840.5,0],"ix":2},"a":{"a":0,"k":[6.5,6.5,0],"ix":1},"s":{"a":0,"k":[100,100,100],"ix":6}},"ao":0,"hasMask":true,"masksProperties":[{"inv":false,"mode":"n","pt":{"a":0,"k":{"i":[[0,0],[0,0],[0,0],[0,0]],"o":[[0,0],[0,0],[0,0],[0,0]],"v":[[0,8.185],[4.352,12.695],[12.241,4.982],[8.31,0.945]],"c":true},"ix":1},"o":{"a":0,"k":100,"ix":3},"x":{"a":0,"k":0,"ix":4},"nm":"蒙版 1"}],"ip":0,"op":250,"st":0,"bm":0},{"ddd":0,"ind":25,"ty":2,"nm":"路径 9","refId":"image_60","sr":1,"ks":{"o":{"a":0,"k":100,"ix":11},"r":{"a":0,"k":0,"ix":10},"p":{"a":0,"k":[173.5,700.5,0],"ix":2},"a":{"a":0,"k":[6.5,6.5,0],"ix":1},"s":{"a":0,"k":[100,100,100],"ix":6}},"ao":0,"hasMask":true,"masksProperties":[{"inv":false,"mode":"n","pt":{"a":0,"k":{"i":[[0,0],[0,0],[0,0],[0,0]],"o":[[0,0],[0,0],[0,0],[0,0]],"v":[[0,8.185],[4.352,12.695],[12.241,4.982],[8.31,0.946]],"c":true},"ix":1},"o":{"a":0,"k":100,"ix":3},"x":{"a":0,"k":0,"ix":4},"nm":"蒙版 1"}],"ip":0,"op":250,"st":0,"bm":0}]},{"id":"comp_17","layers":[{"ddd":0,"ind":1,"ty":2,"nm":"椭圆形 拷贝","refId":"image_61","sr":1,"ks":{"o":{"a":0,"k":16.863,"ix":11},"r":{"a":0,"k":0,"ix":10},"p":{"a":0,"k":[298.5,640,0],"ix":2},"a":{"a":0,"k":[345.5,346,0],"ix":1},"s":{"a":0,"k":[100,100,100],"ix":6}},"ao":0,"hasMask":true,"masksProperties":[{"inv":false,"mode":"n","pt":{"a":0,"k":{"i":[[-104.106,0],[0,-104.106],[104.106,0],[0,104.106]],"o":[[104.106,0],[0,104.106],[-104.106,0],[0,-104.106]],"v":[[345.5,157.938],[534,346.437],[345.5,534.938],[157,346.437]],"c":true},"ix":1},"o":{"a":0,"k":100,"ix":3},"x":{"a":0,"k":0,"ix":4},"nm":"蒙版 1"}],"ip":0,"op":250,"st":0,"bm":0},{"ddd":0,"ind":2,"ty":2,"nm":"椭圆形 拷贝 2","refId":"image_62","sr":1,"ks":{"o":{"a":0,"k":7.843,"ix":11},"r":{"a":0,"k":0,"ix":10},"p":{"a":0,"k":[485.5,746,0],"ix":2},"a":{"a":0,"k":[340.5,341,0],"ix":1},"s":{"a":0,"k":[100,100,100],"ix":6}},"ao":0,"hasMask":true,"masksProperties":[{"inv":false,"mode":"n","pt":{"a":0,"k":{"i":[[-101.344,0],[0,-101.344],[101.344,0],[0,101.344]],"o":[[101.344,0],[0,101.344],[-101.344,0],[0,-101.344]],"v":[[340.5,157.938],[524,341.438],[340.5,524.937],[157,341.438]],"c":true},"ix":1},"o":{"a":0,"k":100,"ix":3},"x":{"a":0,"k":0,"ix":4},"nm":"蒙版 1"}],"ip":0,"op":250,"st":0,"bm":0},{"ddd":0,"ind":3,"ty":2,"nm":"椭圆形","refId":"image_63","sr":1,"ks":{"o":{"a":0,"k":49.02,"ix":11},"r":{"a":0,"k":0,"ix":10},"p":{"a":0,"k":[384.5,640,0],"ix":2},"a":{"a":0,"k":[396.5,397,0],"ix":1},"s":{"a":0,"k":[100,100,100],"ix":6}},"ao":0,"hasMask":true,"masksProperties":[{"inv":false,"mode":"n","pt":{"a":0,"k":{"i":[[-132.272,0],[0,-132.272],[132.272,0],[0,132.272]],"o":[[132.272,0],[0,132.272],[-132.272,0],[0,-132.272]],"v":[[396.5,157.937],[636,397.437],[396.5,636.938],[157,397.437]],"c":true},"ix":1},"o":{"a":0,"k":100,"ix":3},"x":{"a":0,"k":0,"ix":4},"nm":"蒙版 1"}],"ip":0,"op":250,"st":0,"bm":0}]}],"layers":[{"ddd":0,"ind":1,"ty":2,"nm":"1.png","cl":"png","refId":"image_0","sr":1,"ks":{"o":{"a":0,"k":100,"ix":11},"r":{"a":0,"k":0,"ix":10},"p":{"a":0,"k":[375,1102,0],"ix":2},"a":{"a":0,"k":[38,80.5,0],"ix":1},"s":{"a":1,"k":[{"i":{"x":[0.833,0.833,0.833],"y":[0.833,0.833,0.833]},"o":{"x":[0.167,0.167,0.167],"y":[0.167,0.167,0.167]},"t":75,"s":[100,100,100],"e":[130,130,100]},{"i":{"x":[0.833,0.833,0.833],"y":[0.833,0.833,0.833]},"o":{"x":[0.167,0.167,0.167],"y":[0.167,0.167,0.167]},"t":80,"s":[130,130,100],"e":[100,100,100]},{"t":85}],"ix":6}},"ao":0,"ip":75,"op":95,"st":0,"bm":0},{"ddd":0,"ind":2,"ty":2,"nm":"2.png","cl":"png","refId":"image_1","sr":1,"ks":{"o":{"a":0,"k":100,"ix":11},"r":{"a":0,"k":0,"ix":10},"p":{"a":0,"k":[375,1102,0],"ix":2},"a":{"a":0,"k":[58.5,80.5,0],"ix":1},"s":{"a":1,"k":[{"i":{"x":[0.833,0.833,0.833],"y":[0.833,0.833,0.833]},"o":{"x":[0.167,0.167,0.167],"y":[0.167,0.167,0.167]},"t":50,"s":[100,100,100],"e":[130,130,100]},{"i":{"x":[0.833,0.833,0.833],"y":[0.833,0.833,0.833]},"o":{"x":[0.167,0.167,0.167],"y":[0.167,0.167,0.167]},"t":55,"s":[130,130,100],"e":[100,100,100]},{"t":60}],"ix":6}},"ao":0,"ip":50,"op":70,"st":0,"bm":0},{"ddd":0,"ind":3,"ty":2,"nm":"3.png","cl":"png","refId":"image_2","sr":1,"ks":{"o":{"a":0,"k":100,"ix":11},"r":{"a":0,"k":0,"ix":10},"p":{"a":0,"k":[375,1102,0],"ix":2},"a":{"a":0,"k":[58.5,80.5,0],"ix":1},"s":{"a":1,"k":[{"i":{"x":[0.833,0.833,0.833],"y":[0.833,0.833,0.833]},"o":{"x":[0.167,0.167,0.167],"y":[0.167,0.167,0.167]},"t":25,"s":[100,100,100],"e":[130,130,100]},{"i":{"x":[0.833,0.833,0.833],"y":[0.833,0.833,0.833]},"o":{"x":[0.167,0.167,0.167],"y":[0.167,0.167,0.167]},"t":29,"s":[130,130,100],"e":[100,100,100]},{"t":33}],"ix":6}},"ao":0,"ip":25,"op":45,"st":0,"bm":0},{"ddd":0,"ind":4,"ty":0,"nm":"烟花2","refId":"comp_0","sr":1,"ks":{"o":{"a":0,"k":100,"ix":11},"r":{"a":0,"k":0,"ix":10},"p":{"a":0,"k":[575,591,0],"ix":2},"a":{"a":0,"k":[100,100,0],"ix":1},"s":{"a":0,"k":[100,100,100],"ix":6}},"ao":0,"w":200,"h":200,"ip":9,"op":84,"st":9,"bm":0},{"ddd":0,"ind":5,"ty":0,"nm":"烟花1","refId":"comp_0","sr":1,"ks":{"o":{"a":0,"k":100,"ix":11},"r":{"a":0,"k":0,"ix":10},"p":{"a":0,"k":[150,434.5,0],"ix":2},"a":{"a":0,"k":[100,100,0],"ix":1},"s":{"a":0,"k":[200,200,100],"ix":6}},"ao":0,"w":200,"h":200,"ip":4,"op":79,"st":4,"bm":0},{"ddd":0,"ind":6,"ty":0,"nm":"动效","refId":"comp_1","sr":1,"ks":{"o":{"a":0,"k":100,"ix":11},"r":{"a":0,"k":0,"ix":10},"p":{"a":0,"k":[375,812,0],"ix":2},"a":{"a":0,"k":[375,812,0],"ix":1},"s":{"a":0,"k":[100,100,100],"ix":6}},"ao":0,"w":750,"h":1624,"ip":0,"op":100,"st":0,"bm":0}],"markers":[]}