{"v":"5.6.10","fr":25,"ip":0,"op":250,"w":200,"h":200,"nm":"完成","ddd":0,"assets":[{"id":"image_0","w":138,"h":104,"u":"images/","p":"img_0.png","e":0},{"id":"image_1","w":90,"h":173,"u":"images/","p":"img_1.png","e":0},{"id":"image_2","w":87,"h":129,"u":"images/","p":"img_2.png","e":0},{"id":"image_3","w":159,"h":200,"u":"images/","p":"img_3.png","e":0},{"id":"comp_0","layers":[{"ddd":0,"ind":1,"ty":2,"nm":"红包1","refId":"image_3","sr":1,"ks":{"o":{"a":0,"k":100,"ix":11},"r":{"a":0,"k":0,"ix":10},"p":{"a":0,"k":[103.5,80.249,0],"ix":2},"a":{"a":0,"k":[79.5,100,0],"ix":1},"s":{"a":0,"k":[42.305,42.305,100],"ix":6}},"ao":0,"ip":0,"op":250,"st":0,"bm":0},{"ddd":0,"ind":2,"ty":2,"nm":"红包2","refId":"image_3","sr":1,"ks":{"o":{"a":0,"k":100,"ix":11},"r":{"a":0,"k":-28.581,"ix":10},"p":{"a":0,"k":[79.375,87.011,0],"ix":2},"a":{"a":0,"k":[79.5,100,0],"ix":1},"s":{"a":0,"k":[29.437,29.437,100],"ix":6}},"ao":0,"ip":0,"op":250,"st":0,"bm":0}]}],"layers":[{"ddd":0,"ind":1,"ty":2,"nm":"金币1","refId":"image_0","sr":1,"ks":{"o":{"a":1,"k":[{"i":{"x":[0.833],"y":[0.833]},"o":{"x":[0.167],"y":[0.167]},"t":8,"s":[0],"e":[100]},{"t":16}],"ix":11},"r":{"a":0,"k":0,"ix":10},"p":{"a":1,"k":[{"i":{"x":0.667,"y":1},"o":{"x":0.167,"y":0.167},"t":8,"s":[229.965,-43.876,0],"e":[153.965,61.124,0],"to":[-12.667,17.5,0],"ti":[12.667,-17.5,0]},{"t":16}],"ix":2},"a":{"a":0,"k":[69,52,0],"ix":1},"s":{"a":0,"k":[15.144,15.144,100],"ix":6}},"ao":0,"ip":0,"op":250,"st":0,"bm":0},{"ddd":0,"ind":2,"ty":2,"nm":"金币2","refId":"image_1","sr":1,"ks":{"o":{"a":1,"k":[{"i":{"x":[0.833],"y":[0.833]},"o":{"x":[0.167],"y":[0.167]},"t":6,"s":[0],"e":[100]},{"t":14}],"ix":11},"r":{"a":0,"k":-17.687,"ix":10},"p":{"a":1,"k":[{"i":{"x":0.667,"y":1},"o":{"x":0.167,"y":0.167},"t":6,"s":[-27.75,-62.5,0],"e":[49.25,40,0],"to":[12.833,17.083,0],"ti":[-12.833,-17.083,0]},{"t":14}],"ix":2},"a":{"a":0,"k":[45,86.5,0],"ix":1},"s":{"a":0,"k":[17.341,17.341,100],"ix":6}},"ao":0,"ip":0,"op":250,"st":0,"bm":0},{"ddd":0,"ind":3,"ty":2,"nm":"金币3","refId":"image_2","sr":1,"ks":{"o":{"a":1,"k":[{"i":{"x":[0.833],"y":[0.833]},"o":{"x":[0.167],"y":[0.167]},"t":4,"s":[0],"e":[100]},{"t":11}],"ix":11},"r":{"a":0,"k":0,"ix":10},"p":{"a":1,"k":[{"i":{"x":0.667,"y":1},"o":{"x":0.167,"y":0.167},"t":4,"s":[40,-44,0],"e":[40,100.522,0],"to":[0,24.087,0],"ti":[0,-24.087,0]},{"t":11}],"ix":2},"a":{"a":0,"k":[43.5,64.5,0],"ix":1},"s":{"a":0,"k":[19.527,19.527,100],"ix":6}},"ao":0,"ef":[{"ty":5,"nm":"像素运动模糊","np":6,"mn":"ADBE OFMotionBlur","ix":1,"en":1,"ef":[{"ty":7,"nm":"快门控制","mn":"ADBE OFMotionBlur-0001","ix":1,"v":{"a":0,"k":2,"ix":1}},{"ty":0,"nm":"快门角度","mn":"ADBE OFMotionBlur-0002","ix":2,"v":{"a":0,"k":180,"ix":2}},{"ty":0,"nm":"快门采样","mn":"ADBE OFMotionBlur-0003","ix":3,"v":{"a":0,"k":5,"ix":3}},{"ty":0,"nm":"矢量详细信息","mn":"ADBE OFMotionBlur-0004","ix":4,"v":{"a":0,"k":20,"ix":4}}]}],"ip":0,"op":250,"st":0,"bm":0},{"ddd":0,"ind":4,"ty":0,"nm":"红包","refId":"comp_0","sr":1,"ks":{"o":{"a":0,"k":100,"ix":11},"r":{"a":1,"k":[{"i":{"x":[0.667],"y":[1]},"o":{"x":[0.333],"y":[0]},"t":2,"s":[0],"e":[-15]},{"i":{"x":[0.667],"y":[1]},"o":{"x":[0.333],"y":[0]},"t":5,"s":[-15],"e":[0]},{"i":{"x":[0.667],"y":[1]},"o":{"x":[0.333],"y":[0]},"t":8,"s":[0],"e":[15]},{"i":{"x":[0.667],"y":[1]},"o":{"x":[0.333],"y":[0]},"t":12,"s":[15],"e":[0]},{"t":16}],"ix":10},"p":{"a":0,"k":[105.25,119.75,0],"ix":2},"a":{"a":0,"k":[105.25,119.75,0],"ix":1},"s":{"a":0,"k":[100,100,100],"ix":6}},"ao":0,"w":200,"h":200,"ip":0,"op":250,"st":0,"bm":0}],"markers":[]}