{"v":"5.6.10","fr":25,"ip":0,"op":125,"w":160,"h":200,"nm":"矩形","ddd":0,"assets":[{"id":"image_0","w":160,"h":200,"u":"images/","p":"img_0.png","e":0}],"layers":[{"ddd":0,"ind":1,"ty":2,"nm":"矩形.png","cl":"png","refId":"image_0","sr":1,"ks":{"o":{"a":1,"k":[{"i":{"x":[0.833],"y":[0.833]},"o":{"x":[0.167],"y":[0.167]},"t":0,"s":[100],"e":[0]},{"i":{"x":[0.833],"y":[0.833]},"o":{"x":[0.167],"y":[0.167]},"t":5,"s":[0],"e":[100]},{"i":{"x":[0.833],"y":[0.833]},"o":{"x":[0.167],"y":[0.167]},"t":10,"s":[100],"e":[0]},{"i":{"x":[0.833],"y":[0.833]},"o":{"x":[0.167],"y":[0.167]},"t":15,"s":[0],"e":[100]},{"t":20}],"ix":11},"r":{"a":0,"k":0,"ix":10},"p":{"a":0,"k":[80,100,0],"ix":2},"a":{"a":0,"k":[80,100,0],"ix":1},"s":{"a":0,"k":[100,100,100],"ix":6}},"ao":0,"ip":0,"op":129,"st":0,"bm":0}],"markers":[]}