{"v":"5.6.10","fr":25,"ip":0,"op":250,"w":400,"h":400,"nm":"背景光效","ddd":0,"assets":[{"id":"image_0","w":453,"h":458,"u":"images/","p":"img_0.png","e":0},{"id":"image_1","w":393,"h":393,"u":"images/","p":"img_1.png","e":0}],"layers":[{"ddd":0,"ind":1,"ty":2,"nm":"底光反.png","cl":"png","refId":"image_0","sr":1,"ks":{"o":{"a":0,"k":50,"ix":11},"r":{"a":1,"k":[{"i":{"x":[0.833],"y":[0.833]},"o":{"x":[0.167],"y":[0.167]},"t":0,"s":[0],"e":[-360]},{"t":250}],"ix":10},"p":{"a":0,"k":[200.5,200.25,0],"ix":2},"a":{"a":0,"k":[229.988,217.475,0],"ix":1},"s":{"a":0,"k":[100,100,100],"ix":6}},"ao":0,"ip":0,"op":261,"st":0,"bm":0},{"ddd":0,"ind":2,"ty":2,"nm":"底光正.png","cl":"png","refId":"image_1","sr":1,"ks":{"o":{"a":0,"k":50,"ix":11},"r":{"a":1,"k":[{"i":{"x":[0.833],"y":[0.833]},"o":{"x":[0.167],"y":[0.167]},"t":0,"s":[0],"e":[360]},{"t":250}],"ix":10},"p":{"a":0,"k":[200.5,200.25,0],"ix":2},"a":{"a":0,"k":[196.5,196.5,0],"ix":1},"s":{"a":0,"k":[100,100,100],"ix":6}},"ao":0,"ip":0,"op":261,"st":0,"bm":0}],"markers":[]}