{"v":"5.9.3","fr":30,"ip":0,"op":30,"w":120,"h":120,"nm":"6-27","ddd":0,"assets":[{"id":"image_0","w":120,"h":120,"u":"images/","p":"img_0.png","e":0},{"id":"image_1","w":96,"h":82,"u":"images/","p":"img_1.png","e":0},{"id":"image_2","w":1500,"h":3248,"u":"images/","p":"img_2.png","e":0},{"id":"comp_0","nm":"预合成 1","fr":30,"layers":[{"ddd":0,"ind":3,"ty":4,"nm":"波流3","sr":1,"ks":{"o":{"a":0,"k":100,"ix":11},"r":{"a":0,"k":0,"ix":10},"p":{"a":0,"k":[121.25,75.36,0],"ix":2,"l":2},"a":{"a":0,"k":[108.25,45.14,0],"ix":1,"l":2},"s":{"a":0,"k":[101.389,100,100],"ix":6,"l":2}},"ao":0,"shapes":[{"ty":"gr","it":[{"ind":0,"ty":"sh","ix":1,"ks":{"a":0,"k":{"i":[[2.974,1.101],[0,0],[5.991,-2.219],[0,0],[3.144,0],[0,0],[2.974,1.101],[0,0],[5.991,-2.219],[0,0],[3.145,0],[0,0],[2.974,1.101],[0,0],[5.992,-2.219],[0,0],[3.145,0],[0,0],[2.974,1.101],[0,0],[5.992,-2.219],[0,0],[3.145,0],[0,0],[0,0],[0,0],[0,0],[0,0],[0,0]],"o":[[0,0],[-5.991,-2.219],[0,0],[-2.995,1.109],[0,0],[-3.122,-0.008],[0,0],[-5.991,-2.219],[0,0],[-2.995,1.109],[0,0],[-3.123,-0.008],[0,0],[-5.991,-2.219],[0,0],[-2.995,1.109],[0,0],[-3.123,-0.008],[0,0],[-5.991,-2.219],[0,0],[-2.995,1.109],[0,0],[0,0],[0,0],[0,0],[0,0],[0,0],[-3.122,-0.008]],"v":[[98.783,-39.524],[90.285,-42.671],[71.715,-42.671],[63.285,-39.549],[54,-37.885],[54,-37.86],[44.783,-39.524],[36.285,-42.671],[17.715,-42.671],[9.285,-39.549],[0,-37.885],[0,-37.86],[-9.217,-39.524],[-17.715,-42.671],[-36.286,-42.671],[-44.715,-39.549],[-54,-37.885],[-54,-37.86],[-63.217,-39.524],[-71.715,-42.671],[-90.286,-42.671],[-98.715,-39.549],[-108,-37.885],[-108,57.39],[-54,57.39],[0,57.39],[54,57.39],[108,57.39],[108,-37.86]],"c":true},"ix":2},"nm":"路径 1","mn":"ADBE Vector Shape - Group","hd":false},{"ty":"fl","c":{"a":0,"k":[0.99459252451,0.241182589063,0.368879191081,1],"ix":4},"o":{"a":0,"k":100,"ix":5},"r":1,"bm":0,"nm":"填充 1","mn":"ADBE Vector Graphic - Fill","hd":false},{"ty":"tr","p":{"a":0,"k":[108.25,45.14],"ix":2},"a":{"a":0,"k":[0,0],"ix":1},"s":{"a":0,"k":[100,100],"ix":3},"r":{"a":0,"k":0,"ix":6},"o":{"a":0,"k":100,"ix":7},"sk":{"a":0,"k":0,"ix":4},"sa":{"a":0,"k":0,"ix":5},"nm":"变换"}],"nm":"组 1","np":2,"cix":2,"bm":0,"ix":1,"mn":"ADBE Vector Group","hd":false}],"ip":0,"op":30,"st":0,"ct":1,"bm":0},{"ddd":0,"ind":4,"ty":4,"nm":"波流1","sr":1,"ks":{"o":{"a":0,"k":100,"ix":11},"r":{"a":0,"k":0,"ix":10},"p":{"a":0,"k":[115,74.735,0],"ix":2,"l":2},"a":{"a":0,"k":[108.25,45.14,0],"ix":1,"l":2},"s":{"a":0,"k":[101.389,100,100],"ix":6,"l":2}},"ao":0,"shapes":[{"ty":"gr","it":[{"ind":0,"ty":"sh","ix":1,"ks":{"a":0,"k":{"i":[[2.974,1.101],[0,0],[5.991,-2.219],[0,0],[3.144,0],[0,0],[2.974,1.101],[0,0],[5.991,-2.219],[0,0],[3.145,0],[0,0],[2.974,1.101],[0,0],[5.992,-2.219],[0,0],[3.145,0],[0,0],[2.974,1.101],[0,0],[5.992,-2.219],[0,0],[3.145,0],[0,0],[0,0],[0,0],[0,0],[0,0],[0,0]],"o":[[0,0],[-5.991,-2.219],[0,0],[-2.995,1.109],[0,0],[-3.122,-0.008],[0,0],[-5.991,-2.219],[0,0],[-2.995,1.109],[0,0],[-3.123,-0.008],[0,0],[-5.991,-2.219],[0,0],[-2.995,1.109],[0,0],[-3.123,-0.008],[0,0],[-5.991,-2.219],[0,0],[-2.995,1.109],[0,0],[0,0],[0,0],[0,0],[0,0],[0,0],[-3.122,-0.008]],"v":[[98.783,-39.524],[90.285,-42.671],[71.715,-42.671],[63.285,-39.549],[54,-37.885],[54,-37.86],[44.783,-39.524],[36.285,-42.671],[17.715,-42.671],[9.285,-39.549],[0,-37.885],[0,-37.86],[-9.217,-39.524],[-17.715,-42.671],[-36.286,-42.671],[-44.715,-39.549],[-54,-37.885],[-54,-37.86],[-63.217,-39.524],[-71.715,-42.671],[-90.286,-42.671],[-98.715,-39.549],[-108,-37.885],[-108,57.39],[-54,57.39],[0,57.39],[54,57.39],[108,57.39],[108,-37.86]],"c":true},"ix":2},"nm":"路径 1","mn":"ADBE Vector Shape - Group","hd":false},{"ty":"fl","c":{"a":0,"k":[1,0.458823529412,0.478431372549,1],"ix":4},"o":{"a":0,"k":100,"ix":5},"r":1,"bm":0,"nm":"填充 1","mn":"ADBE Vector Graphic - Fill","hd":false},{"ty":"tr","p":{"a":0,"k":[108.25,45.14],"ix":2},"a":{"a":0,"k":[0,0],"ix":1},"s":{"a":0,"k":[100,100],"ix":3},"r":{"a":0,"k":0,"ix":6},"o":{"a":0,"k":100,"ix":7},"sk":{"a":0,"k":0,"ix":4},"sa":{"a":0,"k":0,"ix":5},"nm":"变换"}],"nm":"组 1","np":2,"cix":2,"bm":0,"ix":1,"mn":"ADBE Vector Group","hd":false}],"ip":0,"op":30,"st":0,"ct":1,"bm":0}]}],"layers":[{"ddd":0,"ind":12,"ty":2,"nm":"高光.png","cl":"png","refId":"image_0","sr":1,"ks":{"o":{"a":0,"k":100,"ix":11},"r":{"a":0,"k":0,"ix":10},"p":{"a":0,"k":[60,60,0],"ix":2,"l":2},"a":{"a":0,"k":[60,60,0],"ix":1,"l":2},"s":{"a":0,"k":[100,100,100],"ix":6,"l":2}},"ao":0,"ip":0,"op":30,"st":0,"bm":0},{"ddd":0,"ind":13,"ty":2,"nm":"图层 2","refId":"image_1","sr":1,"ks":{"o":{"a":0,"k":100,"ix":11},"r":{"a":0,"k":0,"ix":10},"p":{"a":0,"k":[60,60,0],"ix":2,"l":2},"a":{"a":0,"k":[48,41,0],"ix":1,"l":2},"s":{"a":0,"k":[100,100,100],"ix":6,"l":2}},"ao":0,"ip":0,"op":30,"st":0,"bm":0},{"ddd":0,"ind":14,"ty":2,"nm":"图层 1","td":1,"refId":"image_2","sr":1,"ks":{"o":{"a":0,"k":34,"ix":11},"r":{"a":0,"k":0,"ix":10},"p":{"a":0,"k":[60,1443,0],"ix":2,"l":2},"a":{"a":0,"k":[750,1624,0],"ix":1,"l":2},"s":{"a":0,"k":[100,100,100],"ix":6,"l":2}},"ao":0,"ip":0,"op":30,"st":0,"bm":0},{"ddd":0,"ind":15,"ty":4,"nm":"爱心","tt":1,"sr":1,"ks":{"o":{"a":0,"k":100,"ix":11},"r":{"a":0,"k":0,"ix":10},"p":{"a":0,"k":[60,59.727,0],"ix":2,"l":2},"a":{"a":0,"k":[48.25,41.523,0],"ix":1,"l":2},"s":{"a":0,"k":[100,100,100],"ix":6,"l":2}},"ao":0,"shapes":[{"ty":"gr","it":[{"ind":0,"ty":"sh","ix":1,"ks":{"a":0,"k":{"i":[[0,0],[0,0],[11.331,8.778],[3.878,5.745],[0,7.785],[-2.935,4.571],[-4.881,2.061],[-5.825,-1.089],[-4.687,-3.396],[-5.153,0.972],[-5.12,-2.168],[-2.845,-4.442],[0,-5.991],[4.972,-7.358],[6.736,-5.222],[0.478,-0.203]],"o":[[0,0],[-0.466,-0.203],[-6.735,-5.222],[-4.984,-7.358],[0,-6.001],[2.844,-4.442],[5.12,-2.157],[5.154,0.972],[4.688,-3.396],[5.825,-1.089],[4.892,2.061],[2.935,4.571],[0,7.785],[-3.891,5.745],[-11.32,8.778],[0,0]],"v":[[0.012,41.273],[-1.479,40.644],[-24.483,26.889],[-40.49,10.37],[-48,-12.452],[-43.517,-28.609],[-31.696,-38.551],[-14.961,-40.185],[0,-33.542],[14.961,-40.185],[31.697,-38.551],[43.518,-28.609],[48,-12.452],[40.503,10.37],[24.495,26.889],[1.502,40.644]],"c":true},"ix":2},"nm":"路径 1","mn":"ADBE Vector Shape - Group","hd":false},{"ty":"fl","c":{"a":0,"k":[1,1,1,1],"ix":4},"o":{"a":0,"k":100,"ix":5},"r":1,"bm":0,"nm":"填充 1","mn":"ADBE Vector Graphic - Fill","hd":false},{"ty":"tr","p":{"a":0,"k":[48.25,41.523],"ix":2},"a":{"a":0,"k":[0,0],"ix":1},"s":{"a":0,"k":[100,100],"ix":3},"r":{"a":0,"k":0,"ix":6},"o":{"a":0,"k":100,"ix":7},"sk":{"a":0,"k":0,"ix":4},"sa":{"a":0,"k":0,"ix":5},"nm":"变换"}],"nm":"组 1","np":2,"cix":2,"bm":0,"ix":1,"mn":"ADBE Vector Group","hd":false}],"ip":0,"op":30,"st":0,"ct":1,"bm":0},{"ddd":0,"ind":16,"ty":0,"nm":"预合成 1","tt":1,"refId":"comp_0","sr":1,"ks":{"o":{"a":0,"k":100,"ix":11},"r":{"a":0,"k":0,"ix":10},"p":{"a":1,"k":[{"i":{"x":0.833,"y":0.833},"o":{"x":0.167,"y":0.167},"t":0,"s":[3.5,16.75,0],"to":[18.167,0,0],"ti":[-18.167,0,0]},{"t":30,"s":[112.5,16.75,0]}],"ix":2,"l":2},"a":{"a":0,"k":[110,8,0],"ix":1,"l":2},"s":{"a":0,"k":[100,100,100],"ix":6,"l":2}},"ao":0,"w":220,"h":120,"ip":0,"op":30,"st":0,"bm":0}],"markers":[]}