{"v":"5.6.10","fr":25,"ip":0,"op":100,"w":500,"h":500,"nm":"放大镜","ddd":0,"assets":[{"id":"image_0","w":289,"h":329,"u":"images/","p":"img_0.png","e":0},{"id":"image_1","w":197,"h":266,"u":"images/","p":"img_1.png","e":0}],"fonts":{"list":[{"fName":"AdobeHeitiStd-Regular","fFamily":"Adobe Heiti Std","fStyle":"R","ascent":80.1986694335938}]},"layers":[{"ddd":0,"ind":1,"ty":4,"nm":"形状图层 4","sr":1,"ks":{"o":{"a":0,"k":100,"ix":11},"r":{"a":0,"k":0,"ix":10},"p":{"a":1,"k":[{"i":{"x":0.667,"y":1},"o":{"x":0.333,"y":0},"t":23,"s":[465.242,459.257,0],"e":[380.242,459.257,0],"to":[-14.167,0,0],"ti":[13.167,0,0]},{"i":{"x":0.667,"y":1},"o":{"x":0.333,"y":0},"t":26,"s":[380.242,459.257,0],"e":[386.242,459.257,0],"to":[-13.167,0,0],"ti":[0,0,0]},{"i":{"x":0.667,"y":1},"o":{"x":0.333,"y":0},"t":28,"s":[386.242,459.257,0],"e":[380.242,459.257,0],"to":[0,0,0],"ti":[1,0,0]},{"t":29.9996744791667}],"ix":2},"a":{"a":0,"k":[64.625,122.062,0],"ix":1},"s":{"a":0,"k":[100,100,100],"ix":6}},"ao":0,"shapes":[{"ty":"gr","it":[{"d":1,"ty":"el","s":{"a":0,"k":[4.237,4.237],"ix":2},"p":{"a":0,"k":[0,0],"ix":3},"nm":"椭圆路径 1","mn":"ADBE Vector Shape - Ellipse","hd":false},{"ty":"st","c":{"a":0,"k":[0.972549019608,0.83137254902,0.137254901961,1],"ix":3},"o":{"a":0,"k":100,"ix":4},"w":{"a":0,"k":0,"ix":5},"lc":1,"lj":1,"ml":4,"bm":0,"nm":"描边 1","mn":"ADBE Vector Graphic - Stroke","hd":false},{"ty":"fl","c":{"a":0,"k":[0.8,0.8,0.8,1],"ix":4},"o":{"a":0,"k":100,"ix":5},"r":1,"bm":0,"nm":"填充 1","mn":"ADBE Vector Graphic - Fill","hd":false},{"ty":"tr","p":{"a":0,"k":[64.625,122.062],"ix":2},"a":{"a":0,"k":[0,0],"ix":1},"s":{"a":0,"k":[100,100],"ix":3},"r":{"a":0,"k":0,"ix":6},"o":{"a":0,"k":100,"ix":7},"sk":{"a":0,"k":0,"ix":4},"sa":{"a":0,"k":0,"ix":5},"nm":"变换"}],"nm":"椭圆 1","np":3,"cix":2,"bm":0,"ix":1,"mn":"ADBE Vector Group","hd":false}],"ip":23,"op":120.666666666667,"st":20.6666666666667,"bm":0},{"ddd":0,"ind":2,"ty":4,"nm":"形状图层 3","sr":1,"ks":{"o":{"a":0,"k":100,"ix":11},"r":{"a":0,"k":0,"ix":10},"p":{"a":1,"k":[{"i":{"x":0.667,"y":1},"o":{"x":0.333,"y":0},"t":12,"s":[464.242,459.257,0],"e":[370.242,459.257,0],"to":[-15.667,0,0],"ti":[14.667,0,0]},{"i":{"x":0.667,"y":1},"o":{"x":0.333,"y":0},"t":15,"s":[370.242,459.257,0],"e":[376.242,459.257,0],"to":[-14.667,0,0],"ti":[0,0,0]},{"i":{"x":0.667,"y":1},"o":{"x":0.333,"y":0},"t":17,"s":[376.242,459.257,0],"e":[370.242,459.257,0],"to":[0,0,0],"ti":[1,0,0]},{"t":18.9996744791667}],"ix":2},"a":{"a":0,"k":[64.625,122.062,0],"ix":1},"s":{"a":0,"k":[100,100,100],"ix":6}},"ao":0,"shapes":[{"ty":"gr","it":[{"d":1,"ty":"el","s":{"a":0,"k":[4.237,4.237],"ix":2},"p":{"a":0,"k":[0,0],"ix":3},"nm":"椭圆路径 1","mn":"ADBE Vector Shape - Ellipse","hd":false},{"ty":"st","c":{"a":0,"k":[0.972549019608,0.83137254902,0.137254901961,1],"ix":3},"o":{"a":0,"k":100,"ix":4},"w":{"a":0,"k":0,"ix":5},"lc":1,"lj":1,"ml":4,"bm":0,"nm":"描边 1","mn":"ADBE Vector Graphic - Stroke","hd":false},{"ty":"fl","c":{"a":0,"k":[0.8,0.8,0.8,1],"ix":4},"o":{"a":0,"k":100,"ix":5},"r":1,"bm":0,"nm":"填充 1","mn":"ADBE Vector Graphic - Fill","hd":false},{"ty":"tr","p":{"a":0,"k":[64.625,122.062],"ix":2},"a":{"a":0,"k":[0,0],"ix":1},"s":{"a":0,"k":[100,100],"ix":3},"r":{"a":0,"k":0,"ix":6},"o":{"a":0,"k":100,"ix":7},"sk":{"a":0,"k":0,"ix":4},"sa":{"a":0,"k":0,"ix":5},"nm":"变换"}],"nm":"椭圆 1","np":3,"cix":2,"bm":0,"ix":1,"mn":"ADBE Vector Group","hd":false}],"ip":12,"op":111.166666666667,"st":11.1666666666667,"bm":0},{"ddd":0,"ind":3,"ty":4,"nm":"形状图层 2","sr":1,"ks":{"o":{"a":0,"k":100,"ix":11},"r":{"a":0,"k":0,"ix":10},"p":{"a":1,"k":[{"i":{"x":0.667,"y":0.974},"o":{"x":0.253,"y":1},"t":2,"s":[466.242,459.257,0],"e":[360.492,459.257,0],"to":[-17.625,0,0],"ti":[15.958,0,0]},{"i":{"x":0.667,"y":1},"o":{"x":0.88,"y":0.237},"t":5,"s":[360.492,459.257,0],"e":[370.492,459.257,0],"to":[-15.958,0,0],"ti":[0,0,0]},{"i":{"x":0.667,"y":1},"o":{"x":0.88,"y":0},"t":7,"s":[370.492,459.257,0],"e":[360.492,459.257,0],"to":[0,0,0],"ti":[1.667,0,0]},{"t":8.99967447916667}],"ix":2},"a":{"a":0,"k":[64.625,122.062,0],"ix":1},"s":{"a":0,"k":[100,100,100],"ix":6}},"ao":0,"shapes":[{"ty":"gr","it":[{"d":1,"ty":"el","s":{"a":0,"k":[4.237,4.237],"ix":2},"p":{"a":0,"k":[0,0],"ix":3},"nm":"椭圆路径 1","mn":"ADBE Vector Shape - Ellipse","hd":false},{"ty":"st","c":{"a":0,"k":[0.972549019608,0.83137254902,0.137254901961,1],"ix":3},"o":{"a":0,"k":100,"ix":4},"w":{"a":0,"k":0,"ix":5},"lc":1,"lj":1,"ml":4,"bm":0,"nm":"描边 1","mn":"ADBE Vector Graphic - Stroke","hd":false},{"ty":"fl","c":{"a":0,"k":[0.8,0.8,0.8,1],"ix":4},"o":{"a":0,"k":100,"ix":5},"r":1,"bm":0,"nm":"填充 1","mn":"ADBE Vector Graphic - Fill","hd":false},{"ty":"tr","p":{"a":0,"k":[64.625,122.062],"ix":2},"a":{"a":0,"k":[0,0],"ix":1},"s":{"a":0,"k":[100,100],"ix":3},"r":{"a":0,"k":0,"ix":6},"o":{"a":0,"k":100,"ix":7},"sk":{"a":0,"k":0,"ix":4},"sa":{"a":0,"k":0,"ix":5},"nm":"变换"}],"nm":"椭圆 1","np":3,"cix":2,"bm":0,"ix":1,"mn":"ADBE Vector Group","hd":false}],"ip":2,"op":101.666666666667,"st":1.66666666666667,"bm":0},{"ddd":0,"ind":4,"ty":5,"nm":"正在扫描本地歌曲  ","sr":1,"ks":{"o":{"a":0,"k":100,"ix":11},"r":{"a":0,"k":0,"ix":10},"p":{"a":0,"k":[250,451.682,0],"ix":2},"a":{"a":0,"k":[95.336,-9.318,0],"ix":1},"s":{"a":0,"k":[100,100,100],"ix":6}},"ao":0,"t":{"d":{"k":[{"s":{"s":24,"f":"AdobeHeitiStd-Regular","t":"正在扫描本地歌曲 ","j":0,"tr":0,"lh":28.8,"ls":0,"fc":[0.8,0.8,0.8]},"t":0}]},"p":{},"m":{"g":1,"a":{"a":0,"k":[0,0],"ix":2}},"a":[]},"ip":0,"op":116,"st":0,"bm":0},{"ddd":0,"ind":5,"ty":2,"nm":"移动放大镜","refId":"image_0","sr":1,"ks":{"o":{"a":0,"k":100,"ix":11},"r":{"a":0,"k":0,"ix":10},"p":{"a":1,"k":[{"i":{"x":0.833,"y":0.833},"o":{"x":0.167,"y":0.167},"t":0,"s":[250,286.125,0],"e":[199.125,211.5,0],"to":[-31.25,-11.583,0],"ti":[-18.336,34.604,0]},{"i":{"x":0.833,"y":0.833},"o":{"x":0.167,"y":0.167},"t":25,"s":[199.125,211.5,0],"e":[283.125,208,0],"to":[12.269,-23.154,0],"ti":[-34.989,-16.235,0]},{"i":{"x":0.833,"y":0.833},"o":{"x":0.167,"y":0.167},"t":50,"s":[283.125,208,0],"e":[328.875,278,0],"to":[31.963,14.831,0],"ti":[11.659,-26.799,0]},{"i":{"x":0.833,"y":0.833},"o":{"x":0.167,"y":0.167},"t":75,"s":[328.875,278,0],"e":[249.875,286.25,0],"to":[-12.961,29.791,0],"ti":[6.708,0.958,0]},{"t":100}],"ix":2},"a":{"a":0,"k":[144.5,164.5,0],"ix":1},"s":{"a":0,"k":[100,100,100],"ix":6}},"ao":0,"ip":0,"op":104,"st":0,"bm":0},{"ddd":0,"ind":6,"ty":2,"nm":"底部文件","refId":"image_1","sr":1,"ks":{"o":{"a":0,"k":100,"ix":11},"r":{"a":0,"k":0,"ix":10},"p":{"a":0,"k":[250,250,0],"ix":2},"a":{"a":0,"k":[98.5,133,0],"ix":1},"s":{"a":0,"k":[100,100,100],"ix":6}},"ao":0,"ip":0,"op":104,"st":0,"bm":0}],"markers":[],"chars":[{"ch":"正","size":24,"style":"R","w":100,"data":{"shapes":[{"ty":"gr","it":[{"ind":0,"ty":"sh","ix":1,"ks":{"a":0,"k":{"i":[[0,0],[4.028,0.604],[0,0],[-29.407,0],[-5.035,-0.604],[0,0],[23.566,0],[0,0],[0,0],[-4.33,-0.403],[0,0],[6.445,0],[0,0],[0,0],[-7.553,-0.604],[0,0],[16.415,0],[8.862,0.705],[0,0],[-14.905,0],[0,0],[0,0],[0,0],[-0.705,0.504],[1.41,0],[3.424,0.504],[0,-6.949]],"o":[[-6.647,-0.101],[0,0],[5.841,-0.705],[31.119,0],[0,0],[-5.338,0.806],[0,0],[0,0],[6.143,0],[0,0],[-3.928,0.705],[0,0],[0,0],[13.193,0.101],[0,0],[-8.862,0.705],[-16.415,0],[0,0],[8.359,-0.806],[0,0],[0,0],[0,0],[0,-1.712],[1.611,-1.108],[-3.223,0],[0.504,2.719],[0,0]],"v":[[22.861,-7.956],[7.855,-9.064],[7.855,1.007],[50.354,0.101],[94.565,1.007],[94.565,-9.064],[57.907,-7.855],[57.907,-37.061],[69.791,-37.061],[85.4,-36.557],[85.4,-46.024],[69.69,-45.016],[57.907,-45.016],[57.907,-67.474],[88.422,-66.367],[88.422,-76.437],[51.562,-75.43],[14.804,-76.437],[14.804,-66.367],[48.642,-67.474],[48.642,-7.855],[31.824,-7.855],[31.824,-45.218],[32.932,-49.045],[33.032,-51.462],[22.256,-52.368],[22.861,-40.485]],"c":true},"ix":2},"nm":"正","mn":"ADBE Vector Shape - Group","hd":false}],"nm":"正","np":3,"cix":2,"bm":0,"ix":1,"mn":"ADBE Vector Group","hd":false}]},"fFamily":"Adobe Heiti Std"},{"ch":"在","size":24,"style":"R","w":100,"data":{"shapes":[{"ty":"gr","it":[{"ind":0,"ty":"sh","ix":1,"ks":{"a":0,"k":{"i":[[9.869,-0.101],[0,0],[-0.806,0.604],[1.611,0],[2.921,0.604],[0,-10.071],[5.438,0.604],[0,0],[-8.963,0.201],[0,0],[6.747,0.604],[0,0],[-13.797,0],[-7.553,-0.705],[0,0],[11.884,-0.101],[0,0],[-5.539,-0.604],[0,0]],"o":[[0,0],[0,-1.208],[1.41,-1.007],[-3.525,0],[0.604,2.719],[-8.963,-0.101],[0,0],[5.237,-0.604],[0,0],[-11.179,-0.101],[0,0],[7.452,-0.705],[13.898,0],[0,0],[-6.848,0.604],[0,0],[9.869,0],[0,0],[-5.539,0.604]],"v":[[66.467,-38.269],[66.467,-51.16],[67.776,-54.684],[67.374,-56.296],[57.404,-57.303],[58.31,-38.269],[38.068,-39.276],[38.068,-29.91],[58.31,-31.119],[58.31,-6.546],[32.73,-7.553],[32.73,1.712],[62.943,0.705],[93.256,1.712],[93.256,-7.553],[66.467,-6.546],[66.467,-31.119],[88.422,-30.212],[88.422,-39.276]],"c":true},"ix":2},"nm":"在","mn":"ADBE Vector Shape - Group","hd":false},{"ind":1,"ty":"sh","ix":2,"ks":{"a":0,"k":{"i":[[-9.467,0.201],[3.323,-4.23],[2.719,0.504],[-0.201,-3.424],[6.345,-4.028],[-2.82,-3.424],[-3.223,3.223],[0,0],[0.403,-8.963],[0,0],[0,4.532],[0,0],[-3.424,7.15],[-11.481,-0.806],[0,0],[18.933,0.101],[-0.705,0.504],[2.115,0.201],[3.021,1.007],[2.115,-5.237],[7.352,0.504],[0,0]],"o":[[-2.316,4.633],[-2.014,0.101],[0.403,1.309],[-5.237,5.438],[2.417,1.108],[3.525,-3.122],[0,0],[0,4.532],[0,0],[-0.403,-8.963],[0,0],[6.445,-7.654],[19.839,-0.101],[0,0],[-10.876,0.806],[4.23,-8.762],[2.518,-1.813],[-2.316,-0.201],[-0.604,5.237],[-11.078,-0.201],[0,0],[6.546,-0.504]],"v":[[36.053,-62.64],[27.493,-49.246],[20.746,-49.75],[21.652,-42.398],[4.23,-27.997],[11.682,-21.854],[21.854,-31.421],[21.854,-12.286],[21.249,5.539],[30.515,5.539],[30.011,-12.286],[30.011,-40.384],[45.016,-62.741],[93.457,-61.734],[93.457,-70.999],[48.541,-69.992],[54.282,-80.466],[54.181,-83.286],[43.405,-85.703],[39.377,-69.992],[12.589,-70.999],[12.589,-61.734]],"c":true},"ix":2},"nm":"在","mn":"ADBE Vector Shape - Group","hd":false}],"nm":"在","np":5,"cix":2,"bm":0,"ix":1,"mn":"ADBE Vector Group","hd":false}]},"fFamily":"Adobe Heiti Std"},{"ch":"扫","size":24,"style":"R","w":100,"data":{"shapes":[{"ty":"gr","it":[{"ind":0,"ty":"sh","ix":1,"ks":{"a":0,"k":{"i":[[0,0],[5.338,-1.41],[-0.604,-3.726],[-5.539,2.316],[0,0],[11.783,1.108],[-0.302,-3.525],[0,10.574],[0,0],[-4.23,1.41],[-0.302,3.525],[4.633,-1.712],[0,0],[-3.223,-0.504],[0,0],[5.539,-0.101],[0,0],[-1.511,1.108],[3.122,-0.101],[3.625,0.604],[0,-10.172],[3.827,0.504],[0,0],[-6.747,0]],"o":[[-5.74,1.913],[1.41,3.021],[3.323,-2.216],[0,0],[0,4.129],[2.417,3.424],[15.207,-2.014],[0,0],[4.23,-1.712],[-0.302,-2.719],[-3.827,1.913],[0,0],[5.539,0.101],[0,0],[-3.223,0.504],[0,0],[0,-1.712],[2.115,-1.712],[-2.82,0.101],[0.604,2.921],[-6.747,0],[0,0],[3.827,-0.504],[0,0]],"v":[[21.954,-35.55],[5.035,-30.615],[8.157,-20.142],[21.954,-27.191],[21.954,-5.74],[9.265,-2.216],[13.293,8.057],[29.608,-5.64],[29.608,-30.414],[42.398,-35.046],[42.398,-43.707],[29.608,-38.269],[29.608,-56.396],[43.405,-55.591],[43.405,-64.252],[29.608,-63.446],[29.608,-75.732],[31.32,-79.459],[29.91,-81.976],[20.847,-82.681],[21.954,-63.446],[5.942,-64.252],[5.942,-55.591],[21.954,-56.396]],"c":true},"ix":2},"nm":"扫","mn":"ADBE Vector Shape - Group","hd":false},{"ind":1,"ty":"sh","ix":2,"ks":{"a":0,"k":{"i":[[0,0],[6.546,0.504],[0,0],[-17.221,0],[0,0],[8.56,0.604],[0,0],[-21.552,-0.201],[0,0],[0,0],[0,5.539],[0,0],[-0.504,3.827],[11.279,0],[5.035,0.705],[0,0],[-24.371,0]],"o":[[-17.221,0],[0,0],[6.345,-0.604],[0,0],[-21.249,0.101],[0,0],[8.359,-0.806],[0,0],[0,0],[-0.604,-5.136],[0,0],[0,-6.747],[-4.33,0.504],[-11.38,0],[0,0],[4.733,-0.604],[0,0]],"v":[[81.473,-43.002],[51.16,-43.707],[51.16,-35.449],[81.473,-36.255],[81.473,-11.38],[44.312,-12.186],[44.312,-2.921],[81.473,-3.827],[81.473,5.74],[90.939,5.74],[90.134,-11.179],[90.134,-60.425],[90.839,-74.222],[68.683,-73.315],[47.131,-74.222],[47.131,-65.057],[81.473,-65.863]],"c":true},"ix":2},"nm":"扫","mn":"ADBE Vector Shape - Group","hd":false}],"nm":"扫","np":5,"cix":2,"bm":0,"ix":1,"mn":"ADBE Vector Group","hd":false}]},"fFamily":"Adobe Heiti Std"},{"ch":"描","size":24,"style":"R","w":100,"data":{"shapes":[{"ty":"gr","it":[{"ind":0,"ty":"sh","ix":1,"ks":{"a":0,"k":{"i":[[0,0],[4.028,-0.906],[-0.201,-3.726],[-3.928,1.813],[0,0],[10.373,1.007],[-0.705,-3.928],[0,7.251],[0,0],[-2.82,0.604],[-0.604,3.021],[3.223,-1.108],[0,0],[-2.417,-0.403],[0,0],[3.827,-0.101],[0,0],[-1.41,1.108],[3.122,-0.101],[3.625,0.604],[0,-10.977],[3.021,0.504],[0,0],[-5.438,0.101]],"o":[[-4.733,1.41],[1.309,3.323],[3.424,-2.014],[0,0],[0,3.625],[2.417,4.129],[13.898,-2.618],[0,0],[3.525,-1.41],[-0.705,-2.518],[-3.021,1.309],[0,0],[3.827,0.101],[0,0],[-2.417,0.403],[0,0],[0,-1.712],[2.115,-1.712],[-2.82,0.101],[0.604,2.921],[-5.438,-0.101],[0,0],[3.021,-0.504],[0,0]],"v":[[18.933,-36.053],[5.64,-32.629],[7.654,-22.256],[18.933,-28.098],[18.933,-6.345],[7.352,-3.323],[11.581,7.05],[26.285,-3.223],[26.285,-31.119],[35.953,-34.241],[35.751,-41.995],[26.285,-38.37],[26.285,-54.886],[35.651,-53.979],[35.651,-62.338],[26.285,-61.533],[26.285,-76.74],[28.098,-80.365],[26.587,-82.883],[17.825,-83.588],[18.933,-61.432],[5.841,-62.338],[5.841,-53.979],[18.933,-54.987]],"c":true},"ix":2},"nm":"描","mn":"ADBE Vector Shape - Group","hd":false},{"ind":1,"ty":"sh","ix":2,"ks":{"a":0,"k":{"i":[[0,0],[0,0],[0,0],[0,0]],"o":[[0,0],[0,0],[0,0],[0,0]],"v":[[82.278,-5.438],[68.683,-5.438],[68.683,-19.739],[82.278,-19.739]],"c":true},"ix":2},"nm":"描","mn":"ADBE Vector Shape - Group","hd":false},{"ind":2,"ty":"sh","ix":3,"ks":{"a":0,"k":{"i":[[0,0],[0,0],[0,0],[0,0],[0,4.733],[0,0],[-0.302,2.216],[9.869,0],[4.733,0.504],[0,-5.237],[0,0],[0.806,-8.359],[0,0]],"o":[[0,0],[0,0],[0,0],[-0.604,-6.345],[0,0],[0,-4.532],[-5.539,0.504],[-10.272,0],[0.403,2.618],[0,0],[0,6.042],[0,0],[0,0]],"v":[[47.736,1.007],[82.278,1.007],[82.278,5.74],[90.234,5.74],[89.429,-11.481],[89.429,-36.255],[89.932,-47.635],[64.352,-46.729],[39.88,-47.635],[40.585,-35.147],[40.585,-10.574],[39.578,7.654],[47.736,7.654]],"c":true},"ix":2},"nm":"描","mn":"ADBE Vector Shape - Group","hd":false},{"ind":3,"ty":"sh","ix":4,"ks":{"a":0,"k":{"i":[[0,0],[0,0],[0,0],[0,0]],"o":[[0,0],[0,0],[0,0],[0,0]],"v":[[47.736,-19.739],[61.633,-19.739],[61.633,-5.438],[47.736,-5.438]],"c":true},"ix":2},"nm":"描","mn":"ADBE Vector Shape - Group","hd":false},{"ind":4,"ty":"sh","ix":5,"ks":{"a":0,"k":{"i":[[0,0],[0,0],[0,0],[0,0]],"o":[[0,0],[0,0],[0,0],[0,0]],"v":[[61.633,-40.283],[61.633,-25.983],[47.736,-25.983],[47.736,-40.283]],"c":true},"ix":2},"nm":"描","mn":"ADBE Vector Shape - Group","hd":false},{"ind":5,"ty":"sh","ix":6,"ks":{"a":0,"k":{"i":[[0,0],[0,0],[0,0],[0,0]],"o":[[0,0],[0,0],[0,0],[0,0]],"v":[[82.278,-25.983],[68.683,-25.983],[68.683,-40.283],[82.278,-40.283]],"c":true},"ix":2},"nm":"描","mn":"ADBE Vector Shape - Group","hd":false},{"ind":6,"ty":"sh","ix":7,"ks":{"a":0,"k":{"i":[[6.949,0],[0,0],[-0.906,0.504],[1.41,0],[2.618,0.302],[-0.101,-7.956],[0,0],[0,0],[-0.906,0.504],[1.208,0],[2.618,0.302],[-0.101,-7.251],[3.625,0.504],[0,0],[-5.338,0.101],[0,0],[0,0],[0,0],[0,0],[0,0],[0,0],[0,0],[-4.129,-0.604],[0,0]],"o":[[0,0],[0,-1.208],[1.007,-0.604],[-2.518,0],[0.504,2.618],[0,0],[0,0],[0,-1.208],[1.007,-0.604],[-2.518,0],[0.403,2.618],[-5.237,-0.101],[0,0],[3.525,-0.504],[0,0],[0,0],[0,0],[0,0],[0,0],[0,0],[0,0],[6.949,0],[0,0],[-4.129,0.604]],"v":[[79.056,-69.891],[79.056,-80.365],[80.164,-82.379],[79.761,-83.89],[71.201,-84.494],[72.006,-69.891],[57.605,-69.891],[57.605,-79.861],[58.713,-81.976],[58.31,-83.386],[49.75,-83.99],[50.555,-69.891],[37.363,-70.697],[37.363,-62.439],[50.555,-63.245],[50.555,-52.066],[57.605,-52.066],[57.605,-63.345],[72.006,-63.345],[72.006,-52.066],[79.056,-52.066],[79.056,-63.345],[95.673,-62.439],[95.673,-70.697]],"c":true},"ix":2},"nm":"描","mn":"ADBE Vector Shape - Group","hd":false}],"nm":"描","np":10,"cix":2,"bm":0,"ix":1,"mn":"ADBE Vector Group","hd":false}]},"fFamily":"Adobe Heiti Std"},{"ch":"本","size":24,"style":"R","w":100,"data":{"shapes":[{"ty":"gr","it":[{"ind":0,"ty":"sh","ix":1,"ks":{"a":0,"k":{"i":[[0,0],[0,0],[-16.315,-10.474],[-3.726,2.518],[5.841,20.041],[-7.755,-0.504],[0,0],[16.013,-0.101],[0,0],[-1.611,0.906],[2.216,-0.201],[3.021,0.604],[0,-9.265],[0,0],[9.567,0.705],[0,0],[-13.293,0.101],[16.516,-10.474],[-2.115,-2.82],[-5.136,19.135],[0,0],[0,0],[4.431,0.504],[0,0],[-7.654,0.101],[0.504,-5.338],[0,0],[0.101,4.834],[-4.129,-0.403],[0,0],[7.855,-0.101]],"o":[[0,0],[5.438,25.58],[1.913,-3.928],[-18.43,-6.345],[12.689,0.101],[0,0],[-9.064,0.604],[0,0],[0,-5.841],[2.014,-1.208],[-2.82,0.201],[0.604,2.518],[0,0],[-16.919,0],[0,0],[8.057,-0.604],[-7.15,20.444],[2.518,1.007],[15.61,-12.991],[0,0],[0,0],[-7.654,-0.101],[0,0],[4.33,-0.403],[0,4.834],[0,0],[-0.504,-5.338],[7.352,0.101],[0,0],[-4.129,0.504],[0,0]],"v":[[55.389,-56.9],[56.094,-56.9],[89.227,-7.15],[97.385,-16.818],[62.137,-56.9],[92.349,-55.994],[92.349,-65.359],[55.389,-64.352],[55.389,-74.625],[57.404,-82.48],[56.799,-84.695],[45.923,-85.3],[46.729,-69.489],[46.729,-64.352],[8.057,-65.359],[8.057,-55.994],[39.679,-56.9],[3.625,-11.783],[12.085,-5.035],[46.225,-56.9],[46.729,-56.9],[46.729,-16.818],[28.198,-17.624],[28.198,-8.862],[46.729,-9.668],[46.024,7.956],[56.296,7.956],[55.389,-9.668],[73.215,-8.862],[73.215,-17.624],[55.389,-16.818]],"c":true},"ix":2},"nm":"本","mn":"ADBE Vector Shape - Group","hd":false}],"nm":"本","np":3,"cix":2,"bm":0,"ix":1,"mn":"ADBE Vector Group","hd":false}]},"fFamily":"Adobe Heiti Std"},{"ch":"地","size":24,"style":"R","w":100,"data":{"shapes":[{"ty":"gr","it":[{"ind":0,"ty":"sh","ix":1,"ks":{"a":0,"k":{"i":[[8.56,-3.021],[0,0],[-1.511,0.705],[2.618,0],[3.827,0.504],[0,-4.935],[0,0],[0,0],[0,0],[-1.108,0.504],[2.115,-0.201],[3.021,0.504],[0,-9.467],[2.014,-0.403],[0,0],[-3.928,1.611],[0,0],[-8.258,-0.201],[-6.244,0.604],[-4.431,13.293],[2.417,3.726],[6.647,-0.604],[3.726,0.201],[0,6.042],[0,0],[0,0],[0,0],[0.504,-4.935],[0,0],[0,3.525],[0,0],[0,0],[0,0],[8.157,0.806],[-0.504,-3.525],[-0.302,7.15],[0,0]],"o":[[0,0],[0,-2.719],[2.014,-0.906],[-3.625,0],[0.604,1.712],[0,0],[0,0],[0,0],[0,-1.208],[1.813,-0.705],[-4.028,0.302],[0.403,2.618],[-4.431,1.41],[0,0],[1.511,-0.906],[0,0],[0,8.459],[9.366,0.302],[9.064,-0.906],[-3.726,-0.504],[-1.511,11.179],[-5.841,0.504],[-6.042,-0.302],[0,0],[0,0],[0,0],[0,3.525],[0,0],[-0.403,-5.136],[0,0],[0,0],[0,0],[-0.101,3.726],[2.518,3.021],[11.38,-3.323],[0,0],[-4.028,2.216]],"v":[[68.381,-58.813],[68.381,-76.639],[70.496,-82.278],[69.791,-83.89],[59.72,-84.595],[60.828,-72.812],[60.828,-56.195],[49.951,-52.469],[49.951,-67.474],[51.865,-71.1],[51.361,-73.215],[41.592,-73.618],[42.499,-49.951],[32.227,-47.031],[34.644,-38.168],[42.499,-41.895],[42.499,-7.755],[52.267,3.424],[81.976,2.719],[96.478,-12.286],[87.112,-18.228],[77.747,-4.733],[56.799,-4.129],[49.951,-11.581],[49.951,-44.614],[60.828,-48.441],[60.828,-27.493],[60.022,-13.495],[68.985,-13.495],[68.381,-27.493],[68.381,-51.059],[81.271,-55.49],[80.667,-34.241],[71.201,-30.011],[75.43,-20.142],[88.22,-32.529],[89.529,-67.474]],"c":true},"ix":2},"nm":"地","mn":"ADBE Vector Shape - Group","hd":false},{"ind":1,"ty":"sh","ix":2,"ks":{"a":0,"k":{"i":[[3.827,-1.511],[0,0],[-2.719,-0.403],[0,0],[4.028,-0.101],[0,0],[-0.906,0.504],[1.611,0],[2.921,0.504],[0,-16.013],[2.921,0.504],[0,0],[-4.33,0],[0,0],[3.525,-0.705],[-0.806,-3.525],[-6.647,1.208],[-1.108,4.431]],"o":[[0,0],[4.028,0.101],[0,0],[-2.719,0.504],[0,0],[0,-1.007],[1.41,-0.806],[-3.525,0],[0.705,2.82],[-4.33,-0.101],[0,0],[2.719,-0.403],[0,0],[-3.424,1.007],[1.309,3.223],[6.949,-4.532],[-1.611,-2.518],[-4.23,2.216]],"v":[[24.17,-17.221],[24.17,-48.541],[33.939,-47.836],[33.939,-56.699],[24.17,-55.893],[24.17,-77.444],[25.479,-79.962],[25.076,-81.573],[15.509,-82.278],[16.516,-55.893],[6.143,-56.699],[6.143,-47.836],[16.516,-48.541],[16.516,-14.703],[6.244,-12.186],[9.668,-1.007],[36.758,-13.193],[35.953,-22.559]],"c":true},"ix":2},"nm":"地","mn":"ADBE Vector Shape - Group","hd":false}],"nm":"地","np":5,"cix":2,"bm":0,"ix":1,"mn":"ADBE Vector Group","hd":false}]},"fFamily":"Adobe Heiti Std"},{"ch":"歌","size":24,"style":"R","w":100,"data":{"shapes":[{"ty":"gr","it":[{"ind":0,"ty":"sh","ix":1,"ks":{"a":0,"k":{"i":[[0,0],[0,0],[0,0],[0,0]],"o":[[0,0],[0,0],[0,0],[0,0]],"v":[[28.903,-52.469],[18.631,-52.469],[18.631,-60.626],[28.903,-60.626]],"c":true},"ix":2},"nm":"歌","mn":"ADBE Vector Shape - Group","hd":false},{"ind":1,"ty":"sh","ix":2,"ks":{"a":0,"k":{"i":[[-3.223,-0.403],[-0.101,4.129],[-0.403,2.82],[5.539,0],[2.921,0.504],[0,-3.323],[0.504,-2.82],[-5.841,0]],"o":[[-0.604,-3.122],[0,-3.223],[-3.323,0.504],[-5.942,0],[0.504,2.618],[0,4.028],[3.122,-0.403],[5.539,0]],"v":[[36.053,-46.628],[35.449,-57.605],[36.053,-66.669],[23.666,-65.964],[11.078,-66.669],[11.884,-57.504],[11.078,-46.426],[23.666,-47.131]],"c":true},"ix":2},"nm":"歌","mn":"ADBE Vector Shape - Group","hd":false},{"ind":2,"ty":"sh","ix":3,"ks":{"a":0,"k":{"i":[[0,0],[0,0],[0,0],[0,0]],"o":[[0,0],[0,0],[0,0],[0,0]],"v":[[28.098,-13.998],[17.725,-13.998],[17.725,-23.969],[28.098,-23.969]],"c":true},"ix":2},"nm":"歌","mn":"ADBE Vector Shape - Group","hd":false},{"ind":3,"ty":"sh","ix":4,"ks":{"a":0,"k":{"i":[[0,0],[0,0],[0,0],[0,0],[0,2.014],[0,0],[-0.504,1.813],[7.855,0],[2.216,0.504],[0,-2.216],[0,0],[0.604,-3.223],[0,0]],"o":[[0,0],[0,0],[0,0],[-0.403,-2.719],[0,0],[0,-2.82],[-2.316,0.403],[-7.956,0],[0.403,2.216],[0,0],[0,2.82],[0,0],[0,0]],"v":[[17.725,-8.459],[28.098,-8.459],[28.098,-5.64],[35.147,-5.64],[34.543,-13.092],[34.543,-23.364],[35.147,-30.414],[22.659,-29.81],[10.272,-30.515],[10.876,-23.364],[10.876,-7.452],[10.071,0.302],[17.725,0.302]],"c":true},"ix":2},"nm":"歌","mn":"ADBE Vector Shape - Group","hd":false},{"ind":4,"ty":"sh","ix":5,"ks":{"a":0,"k":{"i":[[3.223,-0.101],[0,0],[-2.316,-0.302],[0,0],[4.33,0],[0,0],[3.827,0.604],[0,0],[-4.33,0],[0,0],[0,0],[0,0],[4.028,0.504],[0,0],[-4.633,0],[0,0],[0,0],[9.265,1.511],[-0.806,-3.525],[0,8.862],[0,0],[-3.021,-0.403],[0,0]],"o":[[0,0],[2.417,0.101],[0,0],[-4.028,0.604],[0,0],[-4.33,0],[0,0],[3.827,-0.504],[0,0],[0,0],[0,0],[-4.633,0],[0,0],[4.028,-0.504],[0,0],[0,0],[0,4.633],[1.511,3.122],[12.488,-1.813],[0,0],[3.223,0.101],[0,0],[-3.021,0.403]],"v":[[48.843,-41.895],[48.843,-71.301],[55.994,-70.697],[55.994,-78.955],[43.405,-78.149],[19.034,-78.149],[6.747,-78.955],[6.747,-70.697],[19.034,-71.503],[41.391,-71.503],[41.391,-41.794],[19.739,-41.794],[6.647,-42.599],[6.647,-34.845],[19.739,-35.651],[41.391,-35.651],[41.391,-6.345],[29.91,-1.611],[33.133,7.452],[48.843,-6.244],[48.843,-35.55],[58.109,-34.845],[58.109,-42.599]],"c":true},"ix":2},"nm":"歌","mn":"ADBE Vector Shape - Group","hd":false},{"ind":5,"ty":"sh","ix":6,"ks":{"a":0,"k":{"i":[[-4.33,18.732],[-10.373,-7.654],[-2.921,3.323],[2.115,20.343],[-0.201,3.928],[0,0],[1.309,-5.136],[8.359,-6.244],[-1.007,-2.518]],"o":[[1.511,15.207],[1.813,-3.424],[-12.689,-5.237],[0.604,-3.726],[0,0],[0.504,10.373],[-3.021,11.884],[1.511,1.913],[12.286,-9.97]],"v":[[73.013,-25.278],[89.932,6.042],[96.68,-3.424],[75.632,-38.269],[76.74,-49.548],[68.079,-49.548],[65.762,-24.271],[49.75,0.201],[54.08,7.05]],"c":true},"ix":2},"nm":"歌","mn":"ADBE Vector Shape - Group","hd":false},{"ind":6,"ty":"sh","ix":7,"ks":{"a":0,"k":{"i":[[0,0],[-0.604,0.504],[1.208,0.201],[2.216,1.41],[5.338,-7.553],[-1.511,-1.108],[-1.611,4.33],[0,0],[0,0],[0,0],[0,0],[9.467,0]],"o":[[2.417,-7.251],[1.309,-1.208],[-2.921,-0.604],[-1.611,13.696],[2.82,0.705],[1.913,-3.625],[0,0],[0,0],[0,0],[0,0],[-2.618,0.604],[0,0]],"v":[[68.28,-65.359],[73.215,-78.351],[73.114,-80.667],[63.95,-84.192],[52.67,-49.045],[60.223,-46.024],[65.964,-58.511],[86.911,-58.511],[82.883,-46.93],[91.141,-45.822],[96.881,-66.165],[81.876,-65.359]],"c":true},"ix":2},"nm":"歌","mn":"ADBE Vector Shape - Group","hd":false}],"nm":"歌","np":10,"cix":2,"bm":0,"ix":1,"mn":"ADBE Vector Group","hd":false}]},"fFamily":"Adobe Heiti Std"},{"ch":"曲","size":24,"style":"R","w":100,"data":{"shapes":[{"ty":"gr","it":[{"ind":0,"ty":"sh","ix":1,"ks":{"a":0,"k":{"i":[[0,0],[0,0],[0,0],[0,0]],"o":[[0,0],[0,0],[0,0],[0,0]],"v":[[56.699,-32.327],[56.699,-10.272],[43.607,-10.272],[43.607,-32.327]],"c":true},"ix":2},"nm":"曲","mn":"ADBE Vector Shape - Group","hd":false},{"ind":1,"ty":"sh","ix":2,"ks":{"a":0,"k":{"i":[[0,0],[0,0],[0,0],[0,0]],"o":[[0,0],[0,0],[0,0],[0,0]],"v":[[22.458,-32.327],[35.953,-32.327],[35.953,-10.272],[22.458,-10.272]],"c":true},"ix":2},"nm":"曲","mn":"ADBE Vector Shape - Group","hd":false},{"ind":2,"ty":"sh","ix":3,"ks":{"a":0,"k":{"i":[[0,0],[0,0],[0,0],[0,0]],"o":[[0,0],[0,0],[0,0],[0,0]],"v":[[35.953,-58.209],[35.953,-39.377],[22.458,-39.377],[22.458,-58.209]],"c":true},"ix":2},"nm":"曲","mn":"ADBE Vector Shape - Group","hd":false},{"ind":3,"ty":"sh","ix":4,"ks":{"a":0,"k":{"i":[[0,0],[0,0],[-1.007,0.806],[1.913,-0.101],[2.82,0.504],[0,-10.474],[3.323,0.302],[0,-4.028],[0,0],[0.403,-5.539],[0,0],[0,0],[0,0],[0,0],[0,0],[0,5.841],[0,0],[-0.403,2.719],[13.596,0],[0,0],[-1.007,0.705],[1.913,-0.101],[2.82,0.504],[0,-11.38]],"o":[[0,0],[0,-2.921],[1.309,-1.007],[-3.223,0.201],[0.403,3.525],[-13.394,0],[0.403,2.618],[0,0],[0,6.244],[0,0],[0,0],[0,0],[0,0],[0,0],[-0.403,-5.64],[0,0],[0,-3.827],[-3.424,0.302],[0,0],[0,-2.921],[1.41,-1.007],[-3.223,0.101],[0.403,3.726],[0,0]],"v":[[43.607,-65.057],[43.607,-75.531],[45.016,-81.372],[44.312,-82.883],[35.349,-83.286],[35.953,-65.057],[14.2,-65.561],[14.703,-56.598],[14.703,-9.064],[14.2,7.553],[22.458,7.553],[22.458,-3.223],[78.452,-3.223],[78.452,4.633],[86.609,4.633],[86.105,-11.984],[86.105,-56.598],[86.609,-65.561],[64.655,-65.057],[64.655,-76.437],[66.064,-82.278],[65.359,-83.89],[56.094,-84.494],[56.699,-65.057]],"c":true},"ix":2},"nm":"曲","mn":"ADBE Vector Shape - Group","hd":false},{"ind":4,"ty":"sh","ix":5,"ks":{"a":0,"k":{"i":[[0,0],[0,0],[0,0],[0,0]],"o":[[0,0],[0,0],[0,0],[0,0]],"v":[[56.699,-58.209],[56.699,-39.377],[43.607,-39.377],[43.607,-58.209]],"c":true},"ix":2},"nm":"曲","mn":"ADBE Vector Shape - Group","hd":false},{"ind":5,"ty":"sh","ix":6,"ks":{"a":0,"k":{"i":[[0,0],[0,0],[0,0],[0,0]],"o":[[0,0],[0,0],[0,0],[0,0]],"v":[[78.452,-39.377],[64.655,-39.377],[64.655,-58.209],[78.452,-58.209]],"c":true},"ix":2},"nm":"曲","mn":"ADBE Vector Shape - Group","hd":false},{"ind":6,"ty":"sh","ix":7,"ks":{"a":0,"k":{"i":[[0,0],[0,0],[0,0],[0,0]],"o":[[0,0],[0,0],[0,0],[0,0]],"v":[[78.452,-10.272],[64.655,-10.272],[64.655,-32.327],[78.452,-32.327]],"c":true},"ix":2},"nm":"曲","mn":"ADBE Vector Shape - Group","hd":false}],"nm":"曲","np":10,"cix":2,"bm":0,"ix":1,"mn":"ADBE Vector Group","hd":false}]},"fFamily":"Adobe Heiti Std"},{"ch":" ","size":24,"style":"R","w":22.4,"data":{},"fFamily":"Adobe Heiti Std"}]}