{"v":"5.1.12","fr":60,"ip":0,"op":120,"w":80,"h":80,"nm":"违规","ddd":0,"assets":[{"id":"image_0","w":80,"h":80,"u":"images/","p":"img_0.png"},{"id":"image_1","w":80,"h":80,"u":"images/","p":"img_1.png"}],"layers":[{"ddd":0,"ind":1,"ty":2,"nm":"4","refId":"image_0","sr":1,"ks":{"o":{"a":1,"k":[{"i":{"x":[0.667],"y":[1]},"o":{"x":[0.333],"y":[0]},"n":["0p667_1_0p333_0"],"t":0,"s":[0],"e":[80]},{"i":{"x":[0.667],"y":[1]},"o":{"x":[0.333],"y":[0]},"n":["0p667_1_0p333_0"],"t":60,"s":[80],"e":[0]},{"t":120}],"ix":11},"r":{"a":0,"k":0,"ix":10},"p":{"a":1,"k":[{"i":{"x":0.667,"y":1},"o":{"x":0.333,"y":0},"n":"0p667_1_0p333_0","t":0,"s":[30.125,40,0],"e":[50.125,40,0],"to":[3.33333325386047,0,0],"ti":[0,0,0]},{"i":{"x":0.667,"y":1},"o":{"x":0.333,"y":0},"n":"0p667_1_0p333_0","t":60,"s":[50.125,40,0],"e":[30.125,40,0],"to":[0,0,0],"ti":[3.33333325386047,0,0]},{"t":120}],"ix":2},"a":{"a":0,"k":[30.125,40,0],"ix":1},"s":{"a":0,"k":[100,100,100],"ix":6}},"ao":0,"hasMask":true,"masksProperties":[{"inv":false,"mode":"a","pt":{"a":0,"k":{"i":[[-8.837,0],[0,-8.837],[8.837,0],[0,8.837]],"o":[[8.837,0],[0,8.837],[-8.837,0],[0,-8.837]],"v":[[30,24],[46,40],[30,56],[14,40]],"c":true},"ix":1},"o":{"a":0,"k":100,"ix":3},"x":{"a":0,"k":0,"ix":4},"nm":"蒙版 1"}],"ip":0,"op":121,"st":0,"bm":0},{"ddd":0,"ind":2,"ty":2,"nm":"5","refId":"image_1","sr":1,"ks":{"o":{"a":1,"k":[{"i":{"x":[0.667],"y":[1]},"o":{"x":[0.333],"y":[0]},"n":["0p667_1_0p333_0"],"t":0,"s":[0],"e":[80]},{"i":{"x":[0.667],"y":[1]},"o":{"x":[0.333],"y":[0]},"n":["0p667_1_0p333_0"],"t":60,"s":[80],"e":[0]},{"t":120}],"ix":11},"r":{"a":0,"k":0,"ix":10},"p":{"a":1,"k":[{"i":{"x":0.667,"y":1},"o":{"x":0.333,"y":0},"n":"0p667_1_0p333_0","t":0,"s":[50.125,40.25,0],"e":[30.125,40.25,0],"to":[-3.33333325386047,0,0],"ti":[0,0,0]},{"i":{"x":0.667,"y":1},"o":{"x":0.333,"y":0},"n":"0p667_1_0p333_0","t":60,"s":[30.125,40.25,0],"e":[50.125,40.25,0],"to":[0,0,0],"ti":[-3.33333325386047,0,0]},{"t":120}],"ix":2},"a":{"a":0,"k":[50.125,40.25,0],"ix":1},"s":{"a":0,"k":[100,100,100],"ix":6}},"ao":0,"hasMask":true,"masksProperties":[{"inv":false,"mode":"a","pt":{"a":0,"k":{"i":[[-8.837,0],[0,-8.837],[8.837,0],[0,8.837]],"o":[[8.837,0],[0,8.837],[-8.837,0],[0,-8.837]],"v":[[50,24],[66,40],[50,56],[34,40]],"c":true},"ix":1},"o":{"a":0,"k":100,"ix":3},"x":{"a":0,"k":0,"ix":4},"nm":"蒙版 1"}],"ip":0,"op":121,"st":0,"bm":0},{"ddd":0,"ind":3,"ty":2,"nm":"1","refId":"image_1","sr":1,"ks":{"o":{"a":1,"k":[{"i":{"x":[0.667],"y":[1]},"o":{"x":[0.333],"y":[0]},"n":["0p667_1_0p333_0"],"t":0,"s":[80],"e":[0]},{"i":{"x":[0.667],"y":[1]},"o":{"x":[0.333],"y":[0]},"n":["0p667_1_0p333_0"],"t":60,"s":[0],"e":[80]},{"t":120}],"ix":11},"r":{"a":0,"k":0,"ix":10},"p":{"a":1,"k":[{"i":{"x":0.667,"y":1},"o":{"x":0.333,"y":0},"n":"0p667_1_0p333_0","t":0,"s":[50.125,40.25,0],"e":[30.125,40.25,0],"to":[-3.33333325386047,0,0],"ti":[0,0,0]},{"i":{"x":0.667,"y":1},"o":{"x":0.333,"y":0},"n":"0p667_1_0p333_0","t":60,"s":[30.125,40.25,0],"e":[50.125,40.25,0],"to":[0,0,0],"ti":[-3.33333325386047,0,0]},{"t":120}],"ix":2},"a":{"a":0,"k":[50.125,40.25,0],"ix":1},"s":{"a":0,"k":[100,100,100],"ix":6}},"ao":0,"hasMask":true,"masksProperties":[{"inv":false,"mode":"a","pt":{"a":0,"k":{"i":[[-8.837,0],[0,-8.837],[8.837,0],[0,8.837]],"o":[[8.837,0],[0,8.837],[-8.837,0],[0,-8.837]],"v":[[50,24],[66,40],[50,56],[34,40]],"c":true},"ix":1},"o":{"a":0,"k":100,"ix":3},"x":{"a":0,"k":0,"ix":4},"nm":"蒙版 1"}],"ip":0,"op":121,"st":0,"bm":0},{"ddd":0,"ind":4,"ty":2,"nm":"2","refId":"image_0","sr":1,"ks":{"o":{"a":1,"k":[{"i":{"x":[0.667],"y":[1]},"o":{"x":[0.333],"y":[0]},"n":["0p667_1_0p333_0"],"t":0,"s":[80],"e":[0]},{"i":{"x":[0.667],"y":[1]},"o":{"x":[0.333],"y":[0]},"n":["0p667_1_0p333_0"],"t":60,"s":[0],"e":[80]},{"t":120}],"ix":11},"r":{"a":0,"k":0,"ix":10},"p":{"a":1,"k":[{"i":{"x":0.667,"y":1},"o":{"x":0.333,"y":0},"n":"0p667_1_0p333_0","t":0,"s":[30.125,40,0],"e":[50.125,40,0],"to":[3.33333325386047,0,0],"ti":[0,0,0]},{"i":{"x":0.667,"y":1},"o":{"x":0.333,"y":0},"n":"0p667_1_0p333_0","t":60,"s":[50.125,40,0],"e":[30.125,40,0],"to":[0,0,0],"ti":[3.33333325386047,0,0]},{"t":120}],"ix":2},"a":{"a":0,"k":[30.125,40,0],"ix":1},"s":{"a":0,"k":[100,100,100],"ix":6}},"ao":0,"hasMask":true,"masksProperties":[{"inv":false,"mode":"a","pt":{"a":0,"k":{"i":[[-8.837,0],[0,-8.837],[8.837,0],[0,8.837]],"o":[[8.837,0],[0,8.837],[-8.837,0],[0,-8.837]],"v":[[30,24],[46,40],[30,56],[14,40]],"c":true},"ix":1},"o":{"a":0,"k":100,"ix":3},"x":{"a":0,"k":0,"ix":4},"nm":"蒙版 1"}],"ip":0,"op":121,"st":0,"bm":0}],"markers":[]}