{"v":"5.9.3","fr":30,"ip":0,"op":30,"w":120,"h":120,"nm":"6-27","ddd":0,"assets":[{"id":"image_0","w":96,"h":82,"u":"images/","p":"img_0.png","e":0},{"id":"image_1","w":120,"h":120,"u":"images/","p":"img_1.png","e":0},{"id":"image_2","w":1500,"h":3248,"u":"images/","p":"img_2.png","e":0}],"layers":[{"ddd":0,"ind":12,"ty":2,"nm":"图层 2","parent":15,"refId":"image_0","sr":1,"ks":{"o":{"a":0,"k":100,"ix":11},"r":{"a":0,"k":0,"ix":10},"p":{"a":0,"k":[48.25,41.797,0],"ix":2,"l":2},"a":{"a":0,"k":[48,41,0],"ix":1,"l":2},"s":{"a":0,"k":[100,100,100],"ix":6,"l":2}},"ao":0,"ip":0,"op":61,"st":0,"bm":0},{"ddd":0,"ind":13,"ty":2,"nm":"高光.png","cl":"png","parent":15,"refId":"image_1","sr":1,"ks":{"o":{"a":0,"k":100,"ix":11},"r":{"a":0,"k":0,"ix":10},"p":{"a":0,"k":[48.25,41.797,0],"ix":2,"l":2},"a":{"a":0,"k":[60,60,0],"ix":1,"l":2},"s":{"a":0,"k":[100,100,100],"ix":6,"l":2}},"ao":0,"ip":0,"op":61,"st":0,"bm":0},{"ddd":0,"ind":14,"ty":2,"nm":"图层 1","parent":15,"refId":"image_2","sr":1,"ks":{"o":{"a":0,"k":34,"ix":11},"r":{"a":0,"k":0,"ix":10},"p":{"a":0,"k":[48.25,1424.797,0],"ix":2,"l":2},"a":{"a":0,"k":[750,1624,0],"ix":1,"l":2},"s":{"a":0,"k":[100,100,100],"ix":6,"l":2}},"ao":0,"ip":0,"op":61,"st":0,"bm":0},{"ddd":0,"ind":15,"ty":4,"nm":"爱心 2","sr":1,"ks":{"o":{"a":0,"k":100,"ix":11},"r":{"a":0,"k":0,"ix":10},"p":{"a":0,"k":[60,59.727,0],"ix":2,"l":2},"a":{"a":0,"k":[48.25,41.523,0],"ix":1,"l":2},"s":{"a":1,"k":[{"i":{"x":[0.667,0.667,0.667],"y":[1,1,1]},"o":{"x":[0.333,0.333,0.333],"y":[0,0,0]},"t":0,"s":[100,100,100]},{"i":{"x":[0.667,0.667,0.667],"y":[1,1,1]},"o":{"x":[0.333,0.333,0.333],"y":[0,0,0]},"t":5,"s":[80,80,100]},{"i":{"x":[0.667,0.667,0.667],"y":[1,1,1]},"o":{"x":[0.333,0.333,0.333],"y":[0,0,0]},"t":10,"s":[100,100,100]},{"i":{"x":[0.667,0.667,0.667],"y":[1,1,1]},"o":{"x":[0.333,0.333,0.333],"y":[0,0,0]},"t":15,"s":[80,80,100]},{"t":20,"s":[100,100,100]}],"ix":6,"l":2}},"ao":0,"shapes":[{"ty":"gr","it":[{"ind":0,"ty":"sh","ix":1,"ks":{"a":0,"k":{"i":[[0,0],[0,0],[11.331,8.778],[3.878,5.745],[0,7.785],[-2.935,4.571],[-4.881,2.061],[-5.825,-1.089],[-4.687,-3.396],[-5.153,0.972],[-5.12,-2.168],[-2.845,-4.442],[0,-5.991],[4.972,-7.358],[6.736,-5.222],[0.478,-0.203]],"o":[[0,0],[-0.466,-0.203],[-6.735,-5.222],[-4.984,-7.358],[0,-6.001],[2.844,-4.442],[5.12,-2.157],[5.154,0.972],[4.688,-3.396],[5.825,-1.089],[4.892,2.061],[2.935,4.571],[0,7.785],[-3.891,5.745],[-11.32,8.778],[0,0]],"v":[[0.012,41.273],[-1.479,40.644],[-24.483,26.889],[-40.49,10.37],[-48,-12.452],[-43.517,-28.609],[-31.696,-38.551],[-14.961,-40.185],[0,-33.542],[14.961,-40.185],[31.697,-38.551],[43.518,-28.609],[48,-12.452],[40.503,10.37],[24.495,26.889],[1.502,40.644]],"c":true},"ix":2},"nm":"路径 1","mn":"ADBE Vector Shape - Group","hd":false},{"ty":"gf","o":{"a":0,"k":100,"ix":10},"r":1,"bm":0,"g":{"p":3,"k":{"a":0,"k":[0,0.969,0.529,0.396,0.5,0.98,0.361,0.363,1,0.992,0.192,0.329],"ix":9}},"s":{"a":0,"k":[-34.867,-37.531],"ix":5},"e":{"a":0,"k":[-2.98,-4.602],"ix":6},"t":1,"nm":"Gradient Fill 2","mn":"ADBE Vector Graphic - G-Fill","hd":false},{"ty":"tr","p":{"a":0,"k":[48.25,41.523],"ix":2},"a":{"a":0,"k":[0,0],"ix":1},"s":{"a":0,"k":[100,100],"ix":3},"r":{"a":0,"k":0,"ix":6},"o":{"a":0,"k":100,"ix":7},"sk":{"a":0,"k":0,"ix":4},"sa":{"a":0,"k":0,"ix":5},"nm":"变换"}],"nm":"组 1","np":2,"cix":2,"bm":0,"ix":1,"mn":"ADBE Vector Group","hd":false}],"ip":0,"op":30,"st":0,"ct":1,"bm":0}],"markers":[]}