{"v":"5.6.8","fr":25,"ip":0,"op":25,"w":66,"h":66,"nm":"心心-首页3","ddd":0,"assets":[],"layers":[{"ddd":0,"ind":1,"ty":4,"nm":"形状","sr":1,"ks":{"o":{"a":1,"k":[{"i":{"x":[0.833],"y":[0.833]},"o":{"x":[0.167],"y":[0.167]},"t":4,"s":[100]},{"i":{"x":[0.833],"y":[0.833]},"o":{"x":[0.167],"y":[0.167]},"t":5,"s":[0]},{"i":{"x":[0.833],"y":[0.833]},"o":{"x":[0.167],"y":[0.167]},"t":13,"s":[0]},{"t":20,"s":[100]}],"ix":11},"r":{"a":0,"k":0,"ix":10},"p":{"a":1,"k":[{"i":{"x":0.833,"y":0.833},"o":{"x":0.167,"y":0.167},"t":4,"s":[33.125,29,0],"to":[-2.125,2.5,0],"ti":[-0.021,0,0]},{"i":{"x":0.833,"y":0.833},"o":{"x":0.167,"y":0.167},"t":5,"s":[20.375,44,0],"to":[0.021,0,0],"ti":[-2.146,2.5,0]},{"t":20,"s":[33.25,29,0]}],"ix":2},"a":{"a":0,"k":[0,0,0],"ix":1},"s":{"a":0,"k":[100,100,100],"ix":6}},"ao":0,"shapes":[{"ty":"gr","it":[{"ind":0,"ty":"sh","ix":1,"ks":{"a":0,"k":{"i":[[0.32,0],[0.41,0.56],[-0.14,0.6],[-0.39,1.66],[0.1,0.1],[-0.08,0.61],[-0.93,0.18],[0,0],[0,0],[0,0],[-0.28,0.28],[-0.59,0],[0,0],[-0.43,-0.49],[-0.08,-0.16],[0,0],[0,0],[0,0],[0,0],[-0.37,-0.36],[0,-0.8],[0.34,-0.4],[0.05,-0.06],[0,0],[0,0],[3.71,-3.53],[-0.06,-0.44],[0.36,-0.43],[0.89,0],[0.63,0.3],[0,0],[0,0],[0.46,-0.24]],"o":[[-0.67,0],[-0.38,-0.51],[0.09,-0.42],[-1.21,-1.11],[-0.98,-0.89],[0.14,-0.99],[0,0],[0,0],[0,0],[0.16,-0.44],[0.42,-0.43],[0,0],[0.61,0],[0.27,0.32],[0,0],[0,0],[0,0],[0,0],[0.36,0.08],[0.29,0.27],[0,0.88],[-0.05,0.06],[0,0],[0,0],[-0.02,0.03],[0.38,1.91],[0.08,0.62],[-0.27,0.33],[-0.23,0],[0,0],[0,0],[-1.45,0.89],[-0.29,0.16]],"v":[[-5.997,11.643],[-7.727,10.753],[-8.107,9.013],[-6.807,3.423],[-10.627,-0.067],[-11.627,-2.467],[-9.887,-4.367],[-9.827,-4.387],[-4.247,-4.927],[-2.207,-9.907],[-1.547,-10.997],[-0.007,-11.647],[0.013,-11.647],[1.623,-10.877],[2.133,-10.057],[2.153,-10.007],[4.143,-4.967],[9.763,-4.397],[9.843,-4.377],[11.023,-3.797],[11.643,-2.237],[10.843,-0.407],[10.693,-0.237],[10.663,-0.197],[10.633,-0.167],[6.903,3.393],[8.043,9.263],[7.613,10.893],[5.943,11.623],[4.793,11.273],[4.723,11.243],[0.003,8.353],[-5.077,11.413]],"c":true},"ix":2},"nm":"路径 1","mn":"ADBE Vector Shape - Group","hd":false},{"ind":1,"ty":"sh","ix":2,"ks":{"a":0,"k":{"i":[[0,0],[-1.08,-0.98],[0,0],[0,0],[0.45,-1.9],[-1.32,0.81],[0,0],[0,0],[0.29,1.46],[0,0],[0,0],[-1.17,1.11],[0,0],[0,0],[0,0]],"o":[[0.95,0.86],[0,0],[0,0],[-0.01,0.05],[1.23,-0.74],[0,0],[0,0],[-0.28,-1.41],[0,0],[0,0],[0.03,-0.03],[0,0],[0,0],[0,0],[0,0]],"v":[[-8.213,-1.653],[-4.393,1.817],[-3.763,2.397],[-3.963,3.247],[-5.113,8.147],[-0.673,5.447],[0.007,5.037],[5.067,8.127],[4.087,3.177],[3.927,2.367],[4.507,1.807],[8.167,-1.673],[2.267,-2.263],[-0.013,-8.033],[-2.393,-2.223]],"c":true},"ix":2},"nm":"路径 2","mn":"ADBE Vector Shape - Group","hd":false},{"ty":"mm","mm":1,"nm":"合并路径 1","mn":"ADBE Vector Filter - Merge","hd":false},{"ty":"fl","c":{"a":0,"k":[0.141176477075,0.133333340287,0.027450980619,1],"ix":4},"o":{"a":0,"k":100,"ix":5},"r":1,"bm":0,"nm":"填充 1","mn":"ADBE Vector Graphic - Fill","hd":false},{"ty":"tr","p":{"a":0,"k":[0,0],"ix":2},"a":{"a":0,"k":[0,0],"ix":1},"s":{"a":0,"k":[100,100],"ix":3},"r":{"a":0,"k":0,"ix":6},"o":{"a":0,"k":100,"ix":7},"sk":{"a":0,"k":0,"ix":4},"sa":{"a":0,"k":0,"ix":5},"nm":"变换"}],"nm":"形状","np":4,"cix":2,"bm":0,"ix":1,"mn":"ADBE Vector Group","hd":false}],"ip":0,"op":28,"st":0,"bm":0},{"ddd":0,"ind":2,"ty":4,"nm":"路径","sr":1,"ks":{"o":{"a":1,"k":[{"i":{"x":[0.833],"y":[0.833]},"o":{"x":[0.167],"y":[0.167]},"t":5,"s":[0]},{"i":{"x":[0.833],"y":[0.833]},"o":{"x":[0.167],"y":[0.167]},"t":13,"s":[0]},{"t":20,"s":[100]}],"ix":11},"r":{"a":0,"k":0,"ix":10},"p":{"a":1,"k":[{"i":{"x":0.833,"y":0.833},"o":{"x":0.167,"y":0.167},"t":5,"s":[23.077,42.291,0],"to":[2.021,-2.312,0],"ti":[-2.021,2.312,0]},{"t":20,"s":[35.202,28.416,0]}],"ix":2},"a":{"a":0,"k":[0,0,0],"ix":1},"s":{"a":0,"k":[100,100,100],"ix":6}},"ao":0,"shapes":[{"ty":"gr","it":[{"ind":0,"ty":"sh","ix":1,"ks":{"a":0,"k":{"i":[[0.32,0],[0.41,0.56],[-0.14,0.6],[-0.39,1.66],[0.1,0.1],[-0.08,0.61],[-0.93,0.18],[0,0],[0,0],[0,0],[-0.28,0.28],[-0.59,0],[0,0],[-0.43,-0.49],[-0.08,-0.16],[0,0],[0,0],[0,0],[0,0],[-0.37,-0.36],[0,-0.8],[0.34,-0.4],[0.05,-0.06],[0,0],[0,0],[3.71,-3.53],[-0.06,-0.44],[0.36,-0.43],[0.89,0],[0.63,0.3],[0,0],[0,0],[0.46,-0.24]],"o":[[-0.67,0],[-0.38,-0.51],[0.09,-0.42],[-1.21,-1.11],[-0.98,-0.89],[0.14,-0.99],[0,0],[0,0],[0,0],[0.16,-0.44],[0.42,-0.43],[0,0],[0.61,0],[0.27,0.32],[0,0],[0,0],[0,0],[0,0],[0.36,0.08],[0.29,0.27],[0,0.88],[-0.05,0.06],[0,0],[0,0],[-0.02,0.03],[0.38,1.91],[0.08,0.62],[-0.27,0.33],[-0.23,0],[0,0],[0,0],[-1.45,0.89],[-0.29,0.16]],"v":[[-5.997,11.643],[-7.727,10.753],[-8.107,9.013],[-6.807,3.423],[-10.627,-0.067],[-11.627,-2.467],[-9.887,-4.367],[-9.827,-4.387],[-4.247,-4.927],[-2.207,-9.907],[-1.547,-10.997],[-0.007,-11.647],[0.013,-11.647],[1.623,-10.877],[2.133,-10.057],[2.153,-10.007],[4.143,-4.967],[9.763,-4.397],[9.843,-4.377],[11.023,-3.797],[11.643,-2.237],[10.843,-0.407],[10.693,-0.237],[10.663,-0.197],[10.633,-0.167],[6.903,3.393],[8.043,9.263],[7.613,10.893],[5.943,11.623],[4.793,11.273],[4.723,11.243],[0.003,8.353],[-5.077,11.413]],"c":true},"ix":2},"nm":"路径 1","mn":"ADBE Vector Shape - Group","hd":false},{"ty":"fl","c":{"a":0,"k":[0.521568655968,0.403921574354,1,1],"ix":4},"o":{"a":0,"k":100,"ix":5},"r":1,"bm":0,"nm":"填充 1","mn":"ADBE Vector Graphic - Fill","hd":false},{"ty":"tr","p":{"a":0,"k":[0,0],"ix":2},"a":{"a":0,"k":[0,0],"ix":1},"s":{"a":0,"k":[100,100],"ix":3},"r":{"a":0,"k":0,"ix":6},"o":{"a":0,"k":100,"ix":7},"sk":{"a":0,"k":0,"ix":4},"sa":{"a":0,"k":0,"ix":5},"nm":"变换"}],"nm":"路径","np":2,"cix":2,"bm":0,"ix":1,"mn":"ADBE Vector Group","hd":false}],"ip":5,"op":28,"st":0,"bm":0},{"ddd":0,"ind":3,"ty":4,"nm":"椭圆形","sr":1,"ks":{"o":{"a":0,"k":100,"ix":11},"r":{"a":0,"k":0,"ix":10},"p":{"a":0,"k":[33,29.061,0],"ix":2},"a":{"a":0,"k":[0,0,0],"ix":1},"s":{"a":0,"k":[100,100,100],"ix":6}},"ao":0,"shapes":[{"ty":"gr","it":[{"d":1,"ty":"el","s":{"a":0,"k":[36,36.122],"ix":2},"p":{"a":0,"k":[0,0],"ix":3},"nm":"椭圆路径 1","mn":"ADBE Vector Shape - Ellipse","hd":false},{"ty":"st","c":{"a":0,"k":[0.141176477075,0.133333340287,0.027450980619,1],"ix":3},"o":{"a":0,"k":100,"ix":4},"w":{"a":0,"k":2.43,"ix":5},"lc":1,"lj":1,"ml":4,"bm":0,"nm":"描边 1","mn":"ADBE Vector Graphic - Stroke","hd":false},{"ty":"tr","p":{"a":0,"k":[0,0],"ix":2},"a":{"a":0,"k":[0,0],"ix":1},"s":{"a":0,"k":[100,100],"ix":3},"r":{"a":0,"k":0,"ix":6},"o":{"a":0,"k":100,"ix":7},"sk":{"a":0,"k":0,"ix":4},"sa":{"a":0,"k":0,"ix":5},"nm":"变换"}],"nm":"椭圆形","np":2,"cix":2,"bm":0,"ix":1,"mn":"ADBE Vector Group","hd":false}],"ip":0,"op":28,"st":0,"bm":0},{"ddd":0,"ind":4,"ty":4,"nm":"椭圆形","sr":1,"ks":{"o":{"a":1,"k":[{"i":{"x":[0.833],"y":[0.833]},"o":{"x":[0.167],"y":[0.167]},"t":11,"s":[0]},{"t":20,"s":[100]}],"ix":11},"r":{"a":0,"k":0,"ix":10},"p":{"a":0,"k":[33.5,28.811,0],"ix":2},"a":{"a":0,"k":[0,0,0],"ix":1},"s":{"a":0,"k":[100,100,100],"ix":6}},"ao":0,"shapes":[{"ty":"gr","it":[{"d":1,"ty":"el","s":{"a":0,"k":[36,36.122],"ix":2},"p":{"a":0,"k":[0,0],"ix":3},"nm":"椭圆路径 1","mn":"ADBE Vector Shape - Ellipse","hd":false},{"ty":"fl","c":{"a":0,"k":[0.72549021244,0.658823549747,1,1],"ix":4},"o":{"a":0,"k":100,"ix":5},"r":1,"bm":0,"nm":"填充 1","mn":"ADBE Vector Graphic - Fill","hd":false},{"ty":"tr","p":{"a":0,"k":[0,0],"ix":2},"a":{"a":0,"k":[0,0],"ix":1},"s":{"a":0,"k":[100,100],"ix":3},"r":{"a":0,"k":0,"ix":6},"o":{"a":0,"k":100,"ix":7},"sk":{"a":0,"k":0,"ix":4},"sa":{"a":0,"k":0,"ix":5},"nm":"变换"}],"nm":"椭圆形","np":2,"cix":2,"bm":0,"ix":1,"mn":"ADBE Vector Group","hd":false}],"ip":11,"op":28,"st":0,"bm":0},{"ddd":0,"ind":5,"ty":4,"nm":"椭圆形","sr":1,"ks":{"o":{"a":0,"k":100,"ix":11},"r":{"a":0,"k":0,"ix":10},"p":{"a":0,"k":[33,29.061,0],"ix":2},"a":{"a":0,"k":[0,0,0],"ix":1},"s":{"a":0,"k":[100,100,100],"ix":6}},"ao":0,"shapes":[{"ty":"gr","it":[{"d":1,"ty":"el","s":{"a":0,"k":[36,36.122],"ix":2},"p":{"a":0,"k":[0,0],"ix":3},"nm":"椭圆路径 1","mn":"ADBE Vector Shape - Ellipse","hd":false},{"ty":"fl","c":{"a":0,"k":[1,1,1,1],"ix":4},"o":{"a":0,"k":100,"ix":5},"r":1,"bm":0,"nm":"填充 1","mn":"ADBE Vector Graphic - Fill","hd":false},{"ty":"tr","p":{"a":0,"k":[0,0],"ix":2},"a":{"a":0,"k":[0,0],"ix":1},"s":{"a":0,"k":[100,100],"ix":3},"r":{"a":0,"k":0,"ix":6},"o":{"a":0,"k":100,"ix":7},"sk":{"a":0,"k":0,"ix":4},"sa":{"a":0,"k":0,"ix":5},"nm":"变换"}],"nm":"椭圆形","np":2,"cix":2,"bm":0,"ix":1,"mn":"ADBE Vector Group","hd":false}],"ip":0,"op":28,"st":0,"bm":0},{"ddd":0,"ind":6,"ty":4,"nm":"矩形","sr":1,"ks":{"o":{"a":0,"k":100,"ix":11},"r":{"a":0,"k":0,"ix":10},"p":{"a":0,"k":[33,47.265,0],"ix":2},"a":{"a":0,"k":[0,0,0],"ix":1},"s":{"a":0,"k":[100,100,100],"ix":6}},"ao":0,"shapes":[{"ty":"gr","it":[{"ind":0,"ty":"sh","ix":1,"ks":{"a":0,"k":{"i":[[0,0],[0,0],[0,0],[0,0],[0,0]],"o":[[0,0],[0,0],[0,0],[0,0],[0,0]],"v":[[-12,-11.25],[12,-11.25],[12,11.25],[0,2.26],[-12,11.25]],"c":true},"ix":2},"nm":"路径 1","mn":"ADBE Vector Shape - Group","hd":false},{"ty":"rd","nm":"圆角 1","r":{"a":0,"k":3.402,"ix":1},"ix":2,"mn":"ADBE Vector Filter - RC","hd":false},{"ty":"st","c":{"a":0,"k":[0.141176477075,0.133333340287,0.027450980619,1],"ix":3},"o":{"a":0,"k":100,"ix":4},"w":{"a":0,"k":2.43,"ix":5},"lc":1,"lj":1,"ml":4,"bm":0,"nm":"描边 1","mn":"ADBE Vector Graphic - Stroke","hd":false},{"ty":"tr","p":{"a":0,"k":[0,0],"ix":2},"a":{"a":0,"k":[0,0],"ix":1},"s":{"a":0,"k":[100,100],"ix":3},"r":{"a":0,"k":0,"ix":6},"o":{"a":0,"k":100,"ix":7},"sk":{"a":0,"k":0,"ix":4},"sa":{"a":0,"k":0,"ix":5},"nm":"变换"}],"nm":"矩形","np":3,"cix":2,"bm":0,"ix":1,"mn":"ADBE Vector Group","hd":false}],"ip":0,"op":28,"st":0,"bm":0},{"ddd":0,"ind":7,"ty":4,"nm":"矩形","sr":1,"ks":{"o":{"a":1,"k":[{"i":{"x":[0.833],"y":[0.833]},"o":{"x":[0.167],"y":[0.167]},"t":14,"s":[0]},{"t":20,"s":[100]}],"ix":11},"r":{"a":0,"k":0,"ix":10},"p":{"a":0,"k":[33,47.265,0],"ix":2},"a":{"a":0,"k":[0,0,0],"ix":1},"s":{"a":0,"k":[100,100,100],"ix":6}},"ao":0,"shapes":[{"ty":"gr","it":[{"ind":0,"ty":"sh","ix":1,"ks":{"a":0,"k":{"i":[[0,0],[0,0],[0,0],[0,0],[0,0]],"o":[[0,0],[0,0],[0,0],[0,0],[0,0]],"v":[[-12,-11.25],[12,-11.25],[12,11.25],[0,2.26],[-12,11.25]],"c":true},"ix":2},"nm":"路径 1","mn":"ADBE Vector Shape - Group","hd":false},{"ty":"rd","nm":"圆角 1","r":{"a":0,"k":3.402,"ix":1},"ix":2,"mn":"ADBE Vector Filter - RC","hd":false},{"ty":"fl","c":{"a":0,"k":[0.470588237047,0.345098048449,0.988235294819,1],"ix":4},"o":{"a":0,"k":100,"ix":5},"r":1,"bm":0,"nm":"填充 1","mn":"ADBE Vector Graphic - Fill","hd":false},{"ty":"tr","p":{"a":0,"k":[0,0],"ix":2},"a":{"a":0,"k":[0,0],"ix":1},"s":{"a":0,"k":[100,100],"ix":3},"r":{"a":0,"k":0,"ix":6},"o":{"a":0,"k":100,"ix":7},"sk":{"a":0,"k":0,"ix":4},"sa":{"a":0,"k":0,"ix":5},"nm":"变换"}],"nm":"矩形","np":3,"cix":2,"bm":0,"ix":1,"mn":"ADBE Vector Group","hd":false}],"ip":11,"op":28,"st":0,"bm":0}],"markers":[]}