{"v":"5.6.10","fr":25,"ip":0,"op":25,"w":44,"h":60,"nm":"Fill 1","ddd":0,"assets":[{"id":"image_0","w":42,"h":38,"u":"images/","p":"img_0.png","e":0},{"id":"comp_0","layers":[{"ddd":0,"ind":1,"ty":2,"nm":"Fill 1.png","cl":"png","refId":"image_0","sr":1,"ks":{"o":{"a":0,"k":100,"ix":11},"r":{"a":0,"k":0,"ix":10},"p":{"a":0,"k":[30,76.25,0],"ix":2},"a":{"a":0,"k":[21,19,0],"ix":1},"s":{"a":1,"k":[{"i":{"x":[0.667,0.667,0.667],"y":[1,1,1]},"o":{"x":[0.333,0.333,0.333],"y":[0,0,0]},"t":1,"s":[100,100,100],"e":[114,114,100]},{"i":{"x":[0.667,0.667,0.667],"y":[1,1,1]},"o":{"x":[0.333,0.333,0.333],"y":[0,0,0]},"t":7,"s":[114,114,100],"e":[100,100,100]},{"t":13}],"ix":6}},"ao":0,"ip":0,"op":25,"st":0,"bm":0},{"ddd":0,"ind":2,"ty":2,"nm":"飘2","refId":"image_0","sr":1,"ks":{"o":{"a":1,"k":[{"i":{"x":[0.833],"y":[0.833]},"o":{"x":[0.167],"y":[0.167]},"t":8,"s":[100],"e":[0]},{"t":29}],"ix":11},"r":{"a":0,"k":0,"ix":10},"p":{"a":1,"k":[{"i":{"x":0.833,"y":0.833},"o":{"x":0.167,"y":0.167},"t":8,"s":[44.094,74.98,0],"e":[43.627,40.369,0],"to":[0,0,0],"ti":[8.391,26.296,0]},{"i":{"x":0.833,"y":0.833},"o":{"x":0.167,"y":0.167},"t":22,"s":[43.627,40.369,0],"e":[49.73,8.058,0],"to":[-5.996,-18.793,0],"ti":[0,0,0]},{"t":43}],"ix":2},"a":{"a":0,"k":[21,19,0],"ix":1},"s":{"a":0,"k":[31,31,100],"ix":6}},"ao":0,"ip":4,"op":25,"st":4,"bm":0},{"ddd":0,"ind":3,"ty":2,"nm":"飘1","refId":"image_0","sr":1,"ks":{"o":{"a":1,"k":[{"i":{"x":[0.833],"y":[0.833]},"o":{"x":[0.167],"y":[0.167]},"t":4,"s":[100],"e":[0]},{"t":25}],"ix":11},"r":{"a":0,"k":0,"ix":10},"p":{"a":1,"k":[{"i":{"x":0.833,"y":0.833},"o":{"x":0.167,"y":0.167},"t":4,"s":[19.344,72.98,0],"e":[12.377,36.869,0],"to":[0,0,0],"ti":[-9.332,25.977,0]},{"i":{"x":0.833,"y":0.833},"o":{"x":0.167,"y":0.167},"t":18,"s":[12.377,36.869,0],"e":[6.23,5.808,0],"to":[10.254,-28.543,0],"ti":[0,0,0]},{"t":37}],"ix":2},"a":{"a":0,"k":[21,19,0],"ix":1},"s":{"a":0,"k":[31,31,100],"ix":6}},"ao":0,"ip":0,"op":25,"st":0,"bm":0},{"ddd":0,"ind":4,"ty":2,"nm":"飘4","refId":"image_0","sr":1,"ks":{"o":{"a":1,"k":[{"i":{"x":[0.833],"y":[0.833]},"o":{"x":[0.167],"y":[0.167]},"t":16,"s":[60],"e":[0]},{"t":26}],"ix":11},"r":{"a":0,"k":0,"ix":10},"p":{"a":1,"k":[{"i":{"x":0.833,"y":0.833},"o":{"x":0.167,"y":0.167},"t":16,"s":[41.112,70.25,0],"e":[37.699,34,0],"to":[0,0,0],"ti":[14.891,20.694,0]},{"i":{"x":0.833,"y":0.833},"o":{"x":0.167,"y":0.167},"t":29,"s":[37.699,34,0],"e":[46.212,6,0],"to":[-8.029,-18.25,0],"ti":[0,0,0]},{"t":39}],"ix":2},"a":{"a":0,"k":[21,19,0],"ix":1},"s":{"a":0,"k":[20,20,100],"ix":6}},"ao":0,"ip":9,"op":25,"st":9,"bm":0},{"ddd":0,"ind":5,"ty":2,"nm":"飘3","refId":"image_0","sr":1,"ks":{"o":{"a":1,"k":[{"i":{"x":[0.833],"y":[0.833]},"o":{"x":[0.167],"y":[0.167]},"t":16,"s":[60],"e":[0]},{"t":29}],"ix":11},"r":{"a":0,"k":0,"ix":10},"p":{"a":1,"k":[{"i":{"x":0.833,"y":0.833},"o":{"x":0.167,"y":0.167},"t":16,"s":[26.862,71.25,0],"e":[27.699,34.25,0],"to":[0,0,0],"ti":[-11.484,13.944,0]},{"i":{"x":0.833,"y":0.833},"o":{"x":0.167,"y":0.167},"t":29,"s":[27.699,34.25,0],"e":[10.962,3.25,0],"to":[12.971,-15.75,0],"ti":[0,0,0]},{"t":43}],"ix":2},"a":{"a":0,"k":[21,19,0],"ix":1},"s":{"a":0,"k":[20,20,100],"ix":6}},"ao":0,"ip":0,"op":25,"st":0,"bm":0}]}],"layers":[{"ddd":0,"ind":1,"ty":0,"nm":"爱心","refId":"comp_0","sr":1,"ks":{"o":{"a":0,"k":100,"ix":11},"r":{"a":0,"k":0,"ix":10},"p":{"a":0,"k":[22,24.5,0],"ix":2},"a":{"a":0,"k":[30,50,0],"ix":1},"s":{"a":0,"k":[70,70,100],"ix":6}},"ao":0,"w":60,"h":100,"ip":0,"op":25,"st":0,"bm":0}],"markers":[]}