{"v":"5.6.10","fr":25,"ip":0,"op":18,"w":42,"h":42,"nm":"红-语音","ddd":0,"assets":[],"layers":[{"ddd":0,"ind":1,"ty":4,"nm":"3","sr":1,"ks":{"o":{"a":0,"k":100,"ix":11},"r":{"a":0,"k":0,"ix":10},"p":{"a":0,"k":[33.031,35.5,0],"ix":2},"a":{"a":0,"k":[0,12,0],"ix":1},"s":{"a":1,"k":[{"i":{"x":[0.667,0.667,0.667],"y":[1,1,1]},"o":{"x":[0.333,0.333,0.333],"y":[0,0,0]},"t":4,"s":[100,129.297,100],"e":[100,35.286,100]},{"i":{"x":[0.667,0.667,0.667],"y":[1,1,1]},"o":{"x":[0.333,0.333,0.333],"y":[0,0,0]},"t":11,"s":[100,35.286,100],"e":[100,129.297,100]},{"t":18}],"ix":6}},"ao":0,"shapes":[{"ty":"gr","it":[{"ty":"rc","d":1,"s":{"a":0,"k":[4,12],"ix":2,"x":"var $bm_rt;\nvar _0x13f6 = [\n        'abs',\n        'ADBE Transform Group',\n        'ADBE Scale'\n    ];\nvar _0xdf91 = function (_0x152955, _0x49d479) {\n    _0x152955 = _0x152955 - 0;\n    var _0x54bfa2 = _0x13f6[_0x152955];\n    return _0x54bfa2;\n};\nvar _0x2b97e9 = Math[_0xdf91('0x0')](thisLayer(_0xdf91('0x1'))(_0xdf91('0x2'))[0]);\nvar _0xf525cd = Math[_0xdf91('0x0')](thisLayer(_0xdf91('0x1'))(_0xdf91('0x2'))[1]);\n$bm_rt = [\n    value[0] * (_0x2b97e9 / 100),\n    value[1] * (_0xf525cd / 100)\n];"},"p":{"a":0,"k":[0,0],"ix":3},"r":{"a":0,"k":1.5,"ix":4},"nm":"矩形路径 1","mn":"ADBE Vector Shape - Rect","hd":false},{"ty":"fl","c":{"a":0,"k":[0.988235294118,0.345098039216,0.345098039216,1],"ix":4},"o":{"a":0,"k":100,"ix":5},"r":1,"bm":0,"nm":"填充 1","mn":"ADBE Vector Graphic - Fill","hd":false},{"ty":"tr","p":{"a":0,"k":[0,0],"ix":2},"a":{"a":0,"k":[0,0],"ix":1},"s":{"a":0,"k":[200,200],"ix":3,"x":"var $bm_rt;\nvar _0xfe52 = [\n        'ADBE Transform Group',\n        'ADBE Scale',\n        'abs'\n    ];\nvar _0x68d6 = function (_0x22f713, _0x7a951f) {\n    _0x22f713 = _0x22f713 - 0;\n    var _0x259bae = _0xfe52[_0x22f713];\n    return _0x259bae;\n};\nvar _0xc6057e = Math['abs'](thisLayer(_0x68d6('0x0'))(_0x68d6('0x1'))[0]);\nvar _0x14b59e = Math[_0x68d6('0x2')](thisLayer(_0x68d6('0x0'))(_0x68d6('0x1'))[1]);\nif (_0xc6057e > 0 && _0x14b59e > 0) {\n    $bm_rt = [\n        value[0] / _0xc6057e * 100,\n        value[1] / _0x14b59e * 100\n    ];\n} else {\n    $bm_rt = [\n        0,\n        0\n    ];\n}"},"r":{"a":0,"k":0,"ix":6},"o":{"a":0,"k":100,"ix":7},"sk":{"a":0,"k":0,"ix":4},"sa":{"a":0,"k":0,"ix":5},"nm":"变换"}],"nm":"矩形备份 18","np":2,"cix":2,"bm":0,"ix":1,"mn":"ADBE Vector Group","hd":false}],"ip":0,"op":19,"st":0,"bm":0},{"ddd":0,"ind":2,"ty":4,"nm":"2","sr":1,"ks":{"o":{"a":0,"k":100,"ix":11},"r":{"a":0,"k":0,"ix":10},"p":{"a":0,"k":[21.031,35.5,0],"ix":2},"a":{"a":0,"k":[0,20,0],"ix":1},"s":{"a":1,"k":[{"i":{"x":[0.667,0.667,0.667],"y":[1,1,1]},"o":{"x":[0.333,0.333,0.333],"y":[0,0,0]},"t":2,"s":[100,77.539,100],"e":[100,21.367,100]},{"i":{"x":[0.667,0.667,0.667],"y":[1,1,1]},"o":{"x":[0.333,0.333,0.333],"y":[0,0,0]},"t":9,"s":[100,21.367,100],"e":[100,77.539,100]},{"t":16}],"ix":6}},"ao":0,"shapes":[{"ty":"gr","it":[{"ty":"rc","d":1,"s":{"a":0,"k":[4,20],"ix":2,"x":"var $bm_rt;\nvar _0x13f6 = [\n        'abs',\n        'ADBE Transform Group',\n        'ADBE Scale'\n    ];\nvar _0xdf91 = function (_0x152955, _0x49d479) {\n    _0x152955 = _0x152955 - 0;\n    var _0x54bfa2 = _0x13f6[_0x152955];\n    return _0x54bfa2;\n};\nvar _0x2b97e9 = Math[_0xdf91('0x0')](thisLayer(_0xdf91('0x1'))(_0xdf91('0x2'))[0]);\nvar _0xf525cd = Math[_0xdf91('0x0')](thisLayer(_0xdf91('0x1'))(_0xdf91('0x2'))[1]);\n$bm_rt = [\n    value[0] * (_0x2b97e9 / 100),\n    value[1] * (_0xf525cd / 100)\n];"},"p":{"a":0,"k":[0,0],"ix":3},"r":{"a":0,"k":1.5,"ix":4},"nm":"矩形路径 1","mn":"ADBE Vector Shape - Rect","hd":false},{"ty":"fl","c":{"a":0,"k":[0.988235294118,0.345098039216,0.345098039216,1],"ix":4},"o":{"a":0,"k":100,"ix":5},"r":1,"bm":0,"nm":"填充 1","mn":"ADBE Vector Graphic - Fill","hd":false},{"ty":"tr","p":{"a":0,"k":[0,0],"ix":2},"a":{"a":0,"k":[0,0],"ix":1},"s":{"a":0,"k":[200,200],"ix":3,"x":"var $bm_rt;\nvar _0xfe52 = [\n        'ADBE Transform Group',\n        'ADBE Scale',\n        'abs'\n    ];\nvar _0x68d6 = function (_0x22f713, _0x7a951f) {\n    _0x22f713 = _0x22f713 - 0;\n    var _0x259bae = _0xfe52[_0x22f713];\n    return _0x259bae;\n};\nvar _0xc6057e = Math['abs'](thisLayer(_0x68d6('0x0'))(_0x68d6('0x1'))[0]);\nvar _0x14b59e = Math[_0x68d6('0x2')](thisLayer(_0x68d6('0x0'))(_0x68d6('0x1'))[1]);\nif (_0xc6057e > 0 && _0x14b59e > 0) {\n    $bm_rt = [\n        value[0] / _0xc6057e * 100,\n        value[1] / _0x14b59e * 100\n    ];\n} else {\n    $bm_rt = [\n        0,\n        0\n    ];\n}"},"r":{"a":0,"k":0,"ix":6},"o":{"a":0,"k":100,"ix":7},"sk":{"a":0,"k":0,"ix":4},"sa":{"a":0,"k":0,"ix":5},"nm":"变换"}],"nm":"矩形备份 17","np":2,"cix":2,"bm":0,"ix":1,"mn":"ADBE Vector Group","hd":false}],"ip":0,"op":19,"st":1,"bm":0},{"ddd":0,"ind":3,"ty":4,"nm":"1","sr":1,"ks":{"o":{"a":0,"k":100,"ix":11},"r":{"a":0,"k":0,"ix":10},"p":{"a":0,"k":[9.031,35.5,0],"ix":2},"a":{"a":0,"k":[0,14,0],"ix":1},"s":{"a":1,"k":[{"i":{"x":[0.667,0.667,0.667],"y":[1,1,1]},"o":{"x":[0.333,0.333,0.333],"y":[0,0,0]},"t":0,"s":[100,110.746,100],"e":[100,30,100]},{"i":{"x":[0.667,0.667,0.667],"y":[1,1,1]},"o":{"x":[0.333,0.333,0.333],"y":[0,0,0]},"t":7,"s":[100,30,100],"e":[100,110.746,100]},{"t":14}],"ix":6}},"ao":0,"shapes":[{"ty":"gr","it":[{"ty":"rc","d":1,"s":{"a":0,"k":[4,14],"ix":2,"x":"var $bm_rt;\nvar _0x13f6 = [\n        'abs',\n        'ADBE Transform Group',\n        'ADBE Scale'\n    ];\nvar _0xdf91 = function (_0x152955, _0x49d479) {\n    _0x152955 = _0x152955 - 0;\n    var _0x54bfa2 = _0x13f6[_0x152955];\n    return _0x54bfa2;\n};\nvar _0x2b97e9 = Math[_0xdf91('0x0')](thisLayer(_0xdf91('0x1'))(_0xdf91('0x2'))[0]);\nvar _0xf525cd = Math[_0xdf91('0x0')](thisLayer(_0xdf91('0x1'))(_0xdf91('0x2'))[1]);\n$bm_rt = [\n    value[0] * (_0x2b97e9 / 100),\n    value[1] * (_0xf525cd / 100)\n];"},"p":{"a":0,"k":[0,0],"ix":3},"r":{"a":0,"k":1.5,"ix":4},"nm":"矩形路径 1","mn":"ADBE Vector Shape - Rect","hd":false},{"ty":"fl","c":{"a":0,"k":[0.988235294118,0.345098039216,0.345098039216,1],"ix":4},"o":{"a":0,"k":100,"ix":5},"r":1,"bm":0,"nm":"填充 1","mn":"ADBE Vector Graphic - Fill","hd":false},{"ty":"tr","p":{"a":0,"k":[0,0],"ix":2},"a":{"a":0,"k":[0,0],"ix":1},"s":{"a":0,"k":[200,200],"ix":3,"x":"var $bm_rt;\nvar _0xfe52 = [\n        'ADBE Transform Group',\n        'ADBE Scale',\n        'abs'\n    ];\nvar _0x68d6 = function (_0x22f713, _0x7a951f) {\n    _0x22f713 = _0x22f713 - 0;\n    var _0x259bae = _0xfe52[_0x22f713];\n    return _0x259bae;\n};\nvar _0xc6057e = Math['abs'](thisLayer(_0x68d6('0x0'))(_0x68d6('0x1'))[0]);\nvar _0x14b59e = Math[_0x68d6('0x2')](thisLayer(_0x68d6('0x0'))(_0x68d6('0x1'))[1]);\nif (_0xc6057e > 0 && _0x14b59e > 0) {\n    $bm_rt = [\n        value[0] / _0xc6057e * 100,\n        value[1] / _0x14b59e * 100\n    ];\n} else {\n    $bm_rt = [\n        0,\n        0\n    ];\n}"},"r":{"a":0,"k":0,"ix":6},"o":{"a":0,"k":100,"ix":7},"sk":{"a":0,"k":0,"ix":4},"sa":{"a":0,"k":0,"ix":5},"nm":"变换"}],"nm":"矩形","np":2,"cix":2,"bm":0,"ix":1,"mn":"ADBE Vector Group","hd":false}],"ip":0,"op":19,"st":0,"bm":0}],"markers":[]}