{"v":"5.9.3","fr":25,"ip":0,"op":37,"w":66,"h":66,"nm":"首页","ddd":0,"assets":[],"layers":[{"ddd":0,"ind":1,"ty":4,"nm":"“图层 1”轮廓 2","sr":1,"ks":{"o":{"a":0,"k":100,"ix":11},"r":{"a":0,"k":0,"ix":10},"p":{"a":0,"k":[33,33.72,0],"ix":2,"l":2},"a":{"a":0,"k":[22.25,19.97,0],"ix":1,"l":2},"s":{"a":0,"k":[100,100,100],"ix":6,"l":2}},"ao":0,"shapes":[{"ty":"gr","it":[{"ind":0,"ty":"sh","ix":1,"ks":{"a":0,"k":{"i":[[2.1,-2.072],[0,-5.749],[2.552,0],[0.84,0.822],[1.562,0],[0,2.875],[-2.1,1.232],[3.907,0],[0,-7.252],[-11.011,-6.945],[-2.738,1.729],[0,0],[0,8.575],[6.38,0]],"o":[[2.1,1.232],[0,2.875],[-1.562,0],[-0.839,0.822],[-2.52,0],[0,-5.749],[-2.1,-2.072],[-6.299,0],[0,8.575],[2.74,1.729],[0,0],[11.011,-6.946],[0,-7.252],[-3.906,0]],"v":[[0,-14.577],[8.4,-4.311],[3.78,0.618],[0,-1.025],[-3.78,0.618],[-8.4,-4.311],[0,-14.577],[-9.451,-18.721],[-21,-6.288],[-4.484,16.992],[4.483,16.992],[4.483,16.993],[21,-6.288],[9.45,-18.721]],"c":true},"ix":2},"nm":"路径 1","mn":"ADBE Vector Shape - Group","hd":false},{"ind":1,"ty":"sh","ix":2,"ks":{"a":0,"k":{"i":[[0,0]],"o":[[0,0]],"v":[[0,-14.577]],"c":true},"ix":2},"nm":"路径 2","mn":"ADBE Vector Shape - Group","hd":false},{"ty":"mm","mm":1,"nm":"合并路径 1","mn":"ADBE Vector Filter - Merge","hd":false},{"ty":"fl","c":{"a":0,"k":[0.678431372549,0.678431372549,0.678431372549,1],"ix":4},"o":{"a":0,"k":100,"ix":5},"r":1,"bm":0,"nm":"填充 1","mn":"ADBE Vector Graphic - Fill","hd":false},{"ty":"tr","p":{"a":0,"k":[22.25,19.971],"ix":2},"a":{"a":0,"k":[0,0],"ix":1},"s":{"a":0,"k":[100,100],"ix":3},"r":{"a":0,"k":0,"ix":6},"o":{"a":0,"k":100,"ix":7},"sk":{"a":0,"k":0,"ix":4},"sa":{"a":0,"k":0,"ix":5},"nm":"变换"}],"nm":"组 1","np":4,"cix":2,"bm":0,"ix":1,"mn":"ADBE Vector Group","hd":false},{"ty":"gr","it":[{"ind":0,"ty":"sh","ix":1,"ks":{"a":0,"k":{"i":[[0,-5.749],[-2.52,0],[-0.839,0.822],[-1.562,0],[0,2.875],[2.1,1.232]],"o":[[0,2.875],[1.562,0],[0.84,0.822],[2.552,0],[0,-5.749],[-2.1,1.232]],"v":[[-8.4,2.669],[-3.78,7.598],[0,5.954],[3.78,7.598],[8.4,2.669],[0,-7.598]],"c":true},"ix":2},"nm":"路径 1","mn":"ADBE Vector Shape - Group","hd":false},{"ty":"fl","c":{"a":0,"k":[1,1,1,1],"ix":4},"o":{"a":0,"k":100,"ix":5},"r":1,"bm":0,"nm":"填充 1","mn":"ADBE Vector Graphic - Fill","hd":false},{"ty":"tr","p":{"a":0,"k":[22.25,12.992],"ix":2},"a":{"a":0,"k":[0,0],"ix":1},"s":{"a":0,"k":[100,100],"ix":3},"r":{"a":0,"k":0,"ix":6},"o":{"a":0,"k":100,"ix":7},"sk":{"a":0,"k":0,"ix":4},"sa":{"a":0,"k":0,"ix":5},"nm":"变换"}],"nm":"组 2","np":2,"cix":2,"bm":0,"ix":2,"mn":"ADBE Vector Group","hd":false}],"ip":0,"op":2,"st":0,"ct":1,"bm":0},{"ddd":0,"ind":2,"ty":4,"nm":"“图层 1”轮廓","sr":1,"ks":{"o":{"a":0,"k":100,"ix":11},"r":{"a":0,"k":0,"ix":10},"p":{"a":0,"k":[33,33.72,0],"ix":2,"l":2},"a":{"a":0,"k":[22.25,19.97,0],"ix":1,"l":2},"s":{"a":0,"k":[100,100,100],"ix":6,"l":2}},"ao":0,"shapes":[{"ty":"gr","it":[{"ind":0,"ty":"sh","ix":1,"ks":{"a":0,"k":{"i":[[2.1,-2.072],[0,-5.749],[2.552,0],[0.84,0.822],[1.562,0],[0,2.875],[-2.1,1.232],[3.907,0],[0,-7.252],[-11.011,-6.945],[-2.738,1.729],[0,0],[0,8.575],[6.38,0]],"o":[[2.1,1.232],[0,2.875],[-1.562,0],[-0.839,0.822],[-2.52,0],[0,-5.749],[-2.1,-2.072],[-6.299,0],[0,8.575],[2.74,1.729],[0,0],[11.011,-6.946],[0,-7.252],[-3.906,0]],"v":[[0,-14.577],[8.4,-4.311],[3.78,0.618],[0,-1.025],[-3.78,0.618],[-8.4,-4.311],[0,-14.577],[-9.451,-18.721],[-21,-6.288],[-4.484,16.992],[4.483,16.992],[4.483,16.993],[21,-6.288],[9.45,-18.721]],"c":true},"ix":2},"nm":"路径 1","mn":"ADBE Vector Shape - Group","hd":false},{"ind":1,"ty":"sh","ix":2,"ks":{"a":0,"k":{"i":[[0,0]],"o":[[0,0]],"v":[[0,-14.577]],"c":true},"ix":2},"nm":"路径 2","mn":"ADBE Vector Shape - Group","hd":false},{"ty":"mm","mm":1,"nm":"合并路径 1","mn":"ADBE Vector Filter - Merge","hd":false},{"ty":"fl","c":{"a":0,"k":[0.149019607843,0.133333333333,0.133333333333,1],"ix":4},"o":{"a":0,"k":100,"ix":5},"r":1,"bm":0,"nm":"填充 1","mn":"ADBE Vector Graphic - Fill","hd":false},{"ty":"tr","p":{"a":0,"k":[22.25,19.971],"ix":2},"a":{"a":0,"k":[0,0],"ix":1},"s":{"a":0,"k":[100,100],"ix":3},"r":{"a":0,"k":0,"ix":6},"o":{"a":0,"k":100,"ix":7},"sk":{"a":0,"k":0,"ix":4},"sa":{"a":0,"k":0,"ix":5},"nm":"变换"}],"nm":"组 1","np":4,"cix":2,"bm":0,"ix":1,"mn":"ADBE Vector Group","hd":false}],"ip":2,"op":39,"st":2,"ct":1,"bm":0}],"markers":[]}