{"v":"5.1.12","fr":60,"ip":0,"op":110,"w":54,"h":80,"nm":"来遇-聊天界面-礼物","ddd":0,"assets":[{"id":"image_0","w":45,"h":3,"u":"images/","p":"img_0.png"},{"id":"image_1","w":46,"h":12,"u":"images/","p":"img_1.png"},{"id":"image_2","w":48,"h":24,"u":"images/","p":"img_2.png"},{"id":"image_3","w":44,"h":28,"u":"images/","p":"img_3.png"},{"id":"image_4","w":8,"h":8,"u":"images/","p":"img_4.png"},{"id":"image_5","w":8,"h":8,"u":"images/","p":"img_5.png"},{"id":"image_6","w":12,"h":12,"u":"images/","p":"img_6.png"},{"id":"image_7","w":12,"h":12,"u":"images/","p":"img_7.png"},{"id":"image_8","w":12,"h":12,"u":"images/","p":"img_8.png"}],"layers":[{"ddd":0,"ind":1,"ty":2,"nm":"yy01@2x","refId":"image_0","sr":1,"ks":{"o":{"a":1,"k":[{"i":{"x":[0.667],"y":[1]},"o":{"x":[0.333],"y":[0]},"n":["0p667_1_0p333_0"],"t":10,"s":[100],"e":[0]},{"i":{"x":[0.667],"y":[1]},"o":{"x":[0.333],"y":[0]},"n":["0p667_1_0p333_0"],"t":30,"s":[0],"e":[100]},{"t":45}],"ix":11},"r":{"a":0,"k":0,"ix":10},"p":{"a":1,"k":[{"i":{"x":0.667,"y":1},"o":{"x":0.333,"y":0},"n":"0p667_1_0p333_0","t":0,"s":[26,47.5,0],"e":[26,52.5,0],"to":[0,0.83333331346512,0],"ti":[0,0.16666667163372,0]},{"i":{"x":0.667,"y":1},"o":{"x":0.333,"y":0},"n":"0p667_1_0p333_0","t":10,"s":[26,52.5,0],"e":[26,46.5,0],"to":[0,-0.16666667163372,0],"ti":[0,0.66666668653488,0]},{"i":{"x":0.667,"y":1},"o":{"x":0.333,"y":0},"n":"0p667_1_0p333_0","t":30,"s":[26,46.5,0],"e":[26,47.003,0],"to":[0,-0.32040658593178,0],"ti":[0,-0.48894989490509,0]},{"i":{"x":0.667,"y":1},"o":{"x":0.333,"y":0},"n":"0p667_1_0p333_0","t":35,"s":[26,47.003,0],"e":[26,48.501,0],"to":[0,0.15594060719013,0],"ti":[0,-0.17124557495117,0]},{"i":{"x":0.667,"y":1},"o":{"x":0.333,"y":0},"n":"0p667_1_0p333_0","t":40,"s":[26,48.501,0],"e":[26,48.5,0],"to":[0,0.4090182185173,0],"ti":[0,-0.18305468559265,0]},{"i":{"x":0.667,"y":1},"o":{"x":0.333,"y":0},"n":"0p667_1_0p333_0","t":45,"s":[26,48.5,0],"e":[26,49.5,0],"to":[0,0.5,0],"ti":[0,0.33333334326744,0]},{"i":{"x":0.667,"y":1},"o":{"x":0.333,"y":0},"n":"0p667_1_0p333_0","t":50,"s":[26,49.5,0],"e":[26,46.5,0],"to":[0,-0.33333334326744,0],"ti":[0,0.5,0]},{"t":55}],"ix":2},"a":{"a":0,"k":[22.5,1.5,0],"ix":1},"s":{"a":0,"k":[100,100,100],"ix":6}},"ao":0,"ip":0,"op":111,"st":0,"bm":0},{"ddd":0,"ind":2,"ty":2,"nm":"yy02@2x","refId":"image_1","sr":1,"ks":{"o":{"a":0,"k":100,"ix":11},"r":{"a":0,"k":0,"ix":10},"p":{"a":0,"k":[27,73.5,0],"ix":2},"a":{"a":0,"k":[23,6,0],"ix":1},"s":{"a":1,"k":[{"i":{"x":[0.667,0.667,0.667],"y":[1,1,1]},"o":{"x":[0.333,0.333,0.333],"y":[0,0,0]},"n":["0p667_1_0p333_0","0p667_1_0p333_0","0p667_1_0p333_0"],"t":30,"s":[100,100,100],"e":[35,40,100]},{"i":{"x":[0.667,0.667,0.667],"y":[1,1,1]},"o":{"x":[0.333,0.333,0.333],"y":[0,0,0]},"n":["0p667_1_0p333_0","0p667_1_0p333_0","0p667_1_0p333_0"],"t":35,"s":[35,40,100],"e":[100,100,100]},{"t":40}],"ix":6}},"ao":0,"ip":0,"op":111,"st":0,"bm":0},{"ddd":0,"ind":3,"ty":2,"nm":"gift02@2x","refId":"image_2","sr":1,"ks":{"o":{"a":0,"k":100,"ix":11},"r":{"a":1,"k":[{"i":{"x":[0.667],"y":[1]},"o":{"x":[0.333],"y":[0]},"n":["0p667_1_0p333_0"],"t":0,"s":[0],"e":[6]},{"i":{"x":[0.667],"y":[1]},"o":{"x":[0.333],"y":[0]},"n":["0p667_1_0p333_0"],"t":30,"s":[6],"e":[10]},{"i":{"x":[0.667],"y":[1]},"o":{"x":[0.333],"y":[0]},"n":["0p667_1_0p333_0"],"t":35,"s":[10],"e":[0]},{"i":{"x":[0.667],"y":[1]},"o":{"x":[0.333],"y":[0]},"n":["0p667_1_0p333_0"],"t":40,"s":[0],"e":[-8]},{"i":{"x":[0.667],"y":[1]},"o":{"x":[0.333],"y":[0]},"n":["0p667_1_0p333_0"],"t":45,"s":[-8],"e":[0]},{"t":55}],"ix":10},"p":{"a":1,"k":[{"i":{"x":0.667,"y":1},"o":{"x":0.333,"y":0},"n":"0p667_1_0p333_0","t":0,"s":[27,35.5,0],"e":[27,40.25,0],"to":[0,0.79166668653488,0],"ti":[0,1.70833337306976,0]},{"i":{"x":0.667,"y":1},"o":{"x":0.333,"y":0},"n":"0p667_1_0p333_0","t":10,"s":[27,40.25,0],"e":[27,25.25,0],"to":[0,-1.70833337306976,0],"ti":[0,0.79166668653488,0]},{"i":{"x":0.667,"y":1},"o":{"x":0.333,"y":0},"n":"0p667_1_0p333_0","t":30,"s":[27,25.25,0],"e":[27,16.602,0],"to":[0,-0.35616689920425,0],"ti":[0,-2.08233237266541,0]},{"i":{"x":0.667,"y":1},"o":{"x":0.333,"y":0},"n":"0p667_1_0p333_0","t":35,"s":[27,16.602,0],"e":[27,36.55,0],"to":[0,1.18319606781006,0],"ti":[0,-2.35418367385864,0]},{"i":{"x":0.667,"y":1},"o":{"x":0.333,"y":0},"n":"0p667_1_0p333_0","t":40,"s":[27,36.55,0],"e":[27,37.5,0],"to":[0,2.71184968948364,0],"ti":[-1.89478068516246e-14,0.25826868414879,0]},{"i":{"x":0.667,"y":1},"o":{"x":0.333,"y":0},"n":"0p667_1_0p333_0","t":50,"s":[27,37.5,0],"e":[27,35,0],"to":[1.89478068516246e-14,-0.25826868414879,0],"ti":[0,0.41666665673256,0]},{"t":55}],"ix":2},"a":{"a":0,"k":[24,12,0],"ix":1},"s":{"a":0,"k":[100,100,100],"ix":6}},"ao":0,"ip":0,"op":111,"st":0,"bm":0},{"ddd":0,"ind":4,"ty":2,"nm":"gift01@2x","refId":"image_3","sr":1,"ks":{"o":{"a":0,"k":100,"ix":11},"r":{"a":0,"k":0,"ix":10},"p":{"a":1,"k":[{"i":{"x":0.667,"y":1},"o":{"x":0.333,"y":0},"n":"0p667_1_0p333_0","t":30,"s":[26.875,72.375,0],"e":[26.875,67.375,0],"to":[0,-0.83333331346512,0],"ti":[0,0,0]},{"i":{"x":0.667,"y":1},"o":{"x":0.333,"y":0},"n":"0p667_1_0p333_0","t":35,"s":[26.875,67.375,0],"e":[26.875,72.375,0],"to":[0,0,0],"ti":[0,-0.83333331346512,0]},{"t":40}],"ix":2},"a":{"a":0,"k":[21.875,27.875,0],"ix":1},"s":{"a":1,"k":[{"i":{"x":[0.833,0.833,0.833],"y":[0.833,0.833,0.833]},"o":{"x":[0.167,0.167,0.167],"y":[0.167,0.167,0.167]},"n":["0p833_0p833_0p167_0p167","0p833_0p833_0p167_0p167","0p833_0p833_0p167_0p167"],"t":0,"s":[100,100,100],"e":[104,80,100]},{"i":{"x":[0.833,0.833,0.833],"y":[0.833,0.833,0.833]},"o":{"x":[0.167,0.167,0.167],"y":[0.167,0.167,0.167]},"n":["0p833_0p833_0p167_0p167","0p833_0p833_0p167_0p167","0p833_0p833_0p167_0p167"],"t":10,"s":[104,80,100],"e":[100,100,100]},{"i":{"x":[0.833,0.833,0.833],"y":[0.833,0.833,0.833]},"o":{"x":[0.167,0.167,0.167],"y":[0.167,0.167,0.167]},"n":["0p833_0p833_0p167_0p167","0p833_0p833_0p167_0p167","0p833_0p833_0p167_0p167"],"t":30,"s":[100,100,100],"e":[100,90,100]},{"i":{"x":[0.833,0.833,0.833],"y":[0.833,0.833,0.833]},"o":{"x":[0.167,0.167,0.167],"y":[0.167,0.167,0.167]},"n":["0p833_0p833_0p167_0p167","0p833_0p833_0p167_0p167","0p833_0p833_0p167_0p167"],"t":45,"s":[100,90,100],"e":[100,100,100]},{"t":50}],"ix":6}},"ao":0,"ip":0,"op":111,"st":0,"bm":0},{"ddd":0,"ind":5,"ty":2,"nm":"gold5@2x","refId":"image_4","sr":1,"ks":{"o":{"a":0,"k":100,"ix":11},"r":{"a":0,"k":0,"ix":10},"p":{"a":1,"k":[{"i":{"x":0.667,"y":1},"o":{"x":0.333,"y":0},"n":"0p667_1_0p333_0","t":0,"s":[27,44.5,0],"e":[27,54.5,0],"to":[0,1.66666662693024,0],"ti":[0,0,0]},{"i":{"x":0.667,"y":1},"o":{"x":0.333,"y":0},"n":"0p667_1_0p333_0","t":10,"s":[27,54.5,0],"e":[27,44.5,0],"to":[0,0,0],"ti":[0,0,0]},{"i":{"x":0.667,"y":1},"o":{"x":0.333,"y":0},"n":"0p667_1_0p333_0","t":30,"s":[27,44.5,0],"e":[27,42.835,0],"to":[0,0,0],"ti":[0,-1.84566903114319,0]},{"i":{"x":0.667,"y":1},"o":{"x":0.333,"y":0},"n":"0p667_1_0p333_0","t":35,"s":[27,42.835,0],"e":[27,53.666,0],"to":[0,1.16114509105682,0],"ti":[0,-2.30565571784973,0]},{"i":{"x":0.667,"y":1},"o":{"x":0.333,"y":0},"n":"0p667_1_0p333_0","t":40,"s":[27,53.666,0],"e":[27,54.5,0],"to":[0,2.69749236106873,0],"ti":[0,-0.51866602897644,0]},{"t":45}],"ix":2},"a":{"a":0,"k":[4,4,0],"ix":1},"s":{"a":0,"k":[100,100,100],"ix":6}},"ao":0,"ip":0,"op":111,"st":0,"bm":0},{"ddd":0,"ind":6,"ty":2,"nm":"gold4@2x","refId":"image_5","sr":1,"ks":{"o":{"a":0,"k":100,"ix":11},"r":{"a":0,"k":0,"ix":10},"p":{"a":1,"k":[{"i":{"x":0.667,"y":1},"o":{"x":0.333,"y":0},"n":"0p667_1_0p333_0","t":0,"s":[33,44.5,0],"e":[33,54.5,0],"to":[0,1.66666662693024,0],"ti":[0,0.66666668653488,0]},{"i":{"x":0.667,"y":1},"o":{"x":0.333,"y":0},"n":"0p667_1_0p333_0","t":15,"s":[33,54.5,0],"e":[33,44.001,0],"to":[0,-0.443737834692,0],"ti":[0,4.00020551681519,0]},{"i":{"x":0.667,"y":1},"o":{"x":0.333,"y":0},"n":"0p667_1_0p333_0","t":30,"s":[33,44.001,0],"e":[33,37.266,0],"to":[0,-0.64155876636505,0],"ti":[0,0.50419706106186,0]},{"i":{"x":0.667,"y":1},"o":{"x":0.333,"y":0},"n":"0p667_1_0p333_0","t":35,"s":[33,37.266,0],"e":[33,45.5,0],"to":[0,-1.0751805305481,0],"ti":[0,0,0]},{"i":{"x":0.667,"y":1},"o":{"x":0.333,"y":0},"n":"0p667_1_0p333_0","t":40,"s":[33,45.5,0],"e":[33,54.5,0],"to":[0,0,0],"ti":[0,-1.5,0]},{"t":50}],"ix":2},"a":{"a":0,"k":[4,4,0],"ix":1},"s":{"a":0,"k":[100,100,100],"ix":6}},"ao":0,"ip":0,"op":111,"st":0,"bm":0},{"ddd":0,"ind":7,"ty":2,"nm":"gold3@2x","refId":"image_6","sr":1,"ks":{"o":{"a":0,"k":100,"ix":11},"r":{"a":0,"k":0,"ix":10},"p":{"a":1,"k":[{"i":{"x":0.667,"y":1},"o":{"x":0.333,"y":0},"n":"0p667_1_0p333_0","t":0,"s":[13,45.5,0],"e":[13,55.5,0],"to":[0,1.66666662693024,0],"ti":[0,0,0]},{"i":{"x":0.667,"y":1},"o":{"x":0.333,"y":0},"n":"0p667_1_0p333_0","t":15,"s":[13,55.5,0],"e":[13,48.002,0],"to":[0,0,0],"ti":[0,0,0]},{"i":{"x":0.667,"y":1},"o":{"x":0.333,"y":0},"n":"0p667_1_0p333_0","t":30,"s":[13,48.002,0],"e":[13,41.752,0],"to":[0,0,0],"ti":[0,0,0]},{"i":{"x":0.667,"y":1},"o":{"x":0.333,"y":0},"n":"0p667_1_0p333_0","t":35,"s":[13,41.752,0],"e":[13,50.5,0],"to":[0,0,0],"ti":[0,0,0]},{"i":{"x":0.667,"y":1},"o":{"x":0.333,"y":0},"n":"0p667_1_0p333_0","t":40,"s":[13,50.5,0],"e":[13,55.5,0],"to":[0,0,0],"ti":[0,-0.83333331346512,0]},{"t":50}],"ix":2},"a":{"a":0,"k":[6,6,0],"ix":1},"s":{"a":0,"k":[100,100,100],"ix":6}},"ao":0,"ip":0,"op":111,"st":0,"bm":0},{"ddd":0,"ind":8,"ty":2,"nm":"gold2@2x","refId":"image_7","sr":1,"ks":{"o":{"a":0,"k":100,"ix":11},"r":{"a":0,"k":0,"ix":10},"p":{"a":1,"k":[{"i":{"x":0.667,"y":1},"o":{"x":0.333,"y":0},"n":"0p667_1_0p333_0","t":0,"s":[41,44.5,0],"e":[41,54.5,0],"to":[0,1.66666662693024,0],"ti":[0,0,0]},{"i":{"x":0.667,"y":1},"o":{"x":0.333,"y":0},"n":"0p667_1_0p333_0","t":19,"s":[41,54.5,0],"e":[41,49.269,0],"to":[0,0,0],"ti":[0,0,0]},{"i":{"x":0.667,"y":1},"o":{"x":0.333,"y":0},"n":"0p667_1_0p333_0","t":30,"s":[41,49.269,0],"e":[41,42.677,0],"to":[0,0,0],"ti":[0,0,0]},{"i":{"x":0.667,"y":1},"o":{"x":0.333,"y":0},"n":"0p667_1_0p333_0","t":35,"s":[41,42.677,0],"e":[41,48.589,0],"to":[0,0,0],"ti":[0,0,0]},{"i":{"x":0.667,"y":1},"o":{"x":0.333,"y":0},"n":"0p667_1_0p333_0","t":40,"s":[41,48.589,0],"e":[41,44.5,0],"to":[0,0,0],"ti":[0,0,0]},{"i":{"x":0.667,"y":1},"o":{"x":0.333,"y":0},"n":"0p667_1_0p333_0","t":45,"s":[41,44.5,0],"e":[41,54.5,0],"to":[0,0,0],"ti":[0,-1.66666662693024,0]},{"t":55}],"ix":2},"a":{"a":0,"k":[6,6,0],"ix":1},"s":{"a":0,"k":[100,100,100],"ix":6}},"ao":0,"ip":0,"op":111,"st":0,"bm":0},{"ddd":0,"ind":9,"ty":2,"nm":"gold1@2x","refId":"image_8","sr":1,"ks":{"o":{"a":0,"k":100,"ix":11},"r":{"a":0,"k":0,"ix":10},"p":{"a":1,"k":[{"i":{"x":0.667,"y":1},"o":{"x":0.333,"y":0},"n":"0p667_1_0p333_0","t":0,"s":[19,44.5,0],"e":[19,54.5,0],"to":[0,1.66666662693024,0],"ti":[0,0,0]},{"i":{"x":0.667,"y":1},"o":{"x":0.333,"y":0},"n":"0p667_1_0p333_0","t":19,"s":[19,54.5,0],"e":[19,49.269,0],"to":[0,0,0],"ti":[0,0,0]},{"i":{"x":0.667,"y":1},"o":{"x":0.333,"y":0},"n":"0p667_1_0p333_0","t":30,"s":[19,49.269,0],"e":[19,42.677,0],"to":[0,0,0],"ti":[0,0,0]},{"i":{"x":0.667,"y":1},"o":{"x":0.333,"y":0},"n":"0p667_1_0p333_0","t":35,"s":[19,42.677,0],"e":[19,48.589,0],"to":[0,0,0],"ti":[0,0,0]},{"i":{"x":0.667,"y":1},"o":{"x":0.333,"y":0},"n":"0p667_1_0p333_0","t":40,"s":[19,48.589,0],"e":[19,44.5,0],"to":[0,0,0],"ti":[0,0,0]},{"i":{"x":0.667,"y":1},"o":{"x":0.333,"y":0},"n":"0p667_1_0p333_0","t":45,"s":[19,44.5,0],"e":[19,54.5,0],"to":[0,0,0],"ti":[0,-1.66666662693024,0]},{"t":55}],"ix":2},"a":{"a":0,"k":[6,6,0],"ix":1},"s":{"a":0,"k":[100,100,100],"ix":6}},"ao":0,"ip":0,"op":111,"st":0,"bm":0}],"markers":[]}