{"v":"5.6.10","fr":25,"ip":0,"op":25,"w":160,"h":160,"nm":"爱心1","ddd":0,"assets":[{"id":"image_0","w":20,"h":14,"u":"images/","p":"img_0.png","e":0},{"id":"image_1","w":34,"h":13,"u":"images/","p":"img_1.png","e":0},{"id":"image_2","w":23,"h":23,"u":"images/","p":"img_2.png","e":0},{"id":"image_3","w":23,"h":23,"u":"images/","p":"img_3.png","e":0},{"id":"image_4","w":86,"h":12,"u":"images/","p":"img_4.png","e":0},{"id":"image_5","w":144,"h":142,"u":"images/","p":"img_5.png","e":0},{"id":"image_6","w":40,"h":10,"u":"images/","p":"img_6.png","e":0}],"layers":[{"ddd":0,"ind":1,"ty":2,"nm":"嘴巴","parent":6,"refId":"image_0","sr":1,"ks":{"o":{"a":0,"k":100,"ix":11},"r":{"a":0,"k":0,"ix":10},"p":{"a":0,"k":[72,96,0],"ix":2},"a":{"a":0,"k":[10,7,0],"ix":1},"s":{"a":0,"k":[113,77,100],"ix":6}},"ao":0,"ip":0,"op":27,"st":0,"bm":0},{"ddd":0,"ind":2,"ty":2,"nm":"最后定","parent":6,"refId":"image_1","sr":1,"ks":{"o":{"a":0,"k":100,"ix":11},"r":{"a":0,"k":0,"ix":10},"p":{"a":0,"k":[103,55.5,0],"ix":2},"a":{"a":0,"k":[17,6.5,0],"ix":1},"s":{"a":0,"k":[100,100,100],"ix":6}},"ao":0,"ip":14,"op":42,"st":15,"bm":0},{"ddd":0,"ind":3,"ty":2,"nm":"右眼","parent":6,"refId":"image_2","sr":1,"ks":{"o":{"a":0,"k":100,"ix":11},"r":{"a":0,"k":0,"ix":10},"p":{"a":0,"k":[101.5,58.5,0],"ix":2},"a":{"a":0,"k":[11.5,11.5,0],"ix":1},"s":{"a":1,"k":[{"i":{"x":[0.667,0.667,0.667],"y":[1,1,1]},"o":{"x":[0.333,0.333,0.333],"y":[0,0,0]},"t":1,"s":[100,100,100],"e":[100,30,100]},{"i":{"x":[0.667,0.667,0.667],"y":[1,1,1]},"o":{"x":[0.333,0.333,0.333],"y":[0,0,0]},"t":4,"s":[100,30,100],"e":[100,100,100]},{"t":7}],"ix":6}},"ao":0,"ip":0,"op":13,"st":0,"bm":0},{"ddd":0,"ind":4,"ty":2,"nm":"左眼","parent":6,"refId":"image_3","sr":1,"ks":{"o":{"a":0,"k":100,"ix":11},"r":{"a":0,"k":0,"ix":10},"p":{"a":0,"k":[41.5,58.5,0],"ix":2},"a":{"a":0,"k":[11.5,11.5,0],"ix":1},"s":{"a":1,"k":[{"i":{"x":[0.667,0.667,0.667],"y":[1,1,1]},"o":{"x":[0.333,0.333,0.333],"y":[0,0,0]},"t":6,"s":[100,100,100],"e":[100,30,100]},{"i":{"x":[0.667,0.667,0.667],"y":[1,1,1]},"o":{"x":[0.333,0.333,0.333],"y":[0,0,0]},"t":9,"s":[100,30,100],"e":[100,100,100]},{"t":12}],"ix":6}},"ao":0,"ip":0,"op":27,"st":0,"bm":0},{"ddd":0,"ind":5,"ty":2,"nm":"腮红","parent":6,"refId":"image_4","sr":1,"ks":{"o":{"a":0,"k":100,"ix":11},"r":{"a":0,"k":0,"ix":10},"p":{"a":0,"k":[69,77,0],"ix":2},"a":{"a":0,"k":[43,6,0],"ix":1},"s":{"a":0,"k":[100,100,100],"ix":6}},"ao":0,"ip":0,"op":27,"st":0,"bm":0},{"ddd":0,"ind":6,"ty":2,"nm":"图层 1/爱心1.psd","cl":"psd","refId":"image_5","sr":1,"ks":{"o":{"a":0,"k":100,"ix":11},"r":{"a":1,"k":[{"i":{"x":[0.833],"y":[1]},"o":{"x":[0.167],"y":[0]},"t":0,"s":[0],"e":[-14]},{"i":{"x":[0.667],"y":[1]},"o":{"x":[0.333],"y":[0]},"t":6,"s":[-14],"e":[0]},{"i":{"x":[0.667],"y":[1]},"o":{"x":[0.333],"y":[0]},"t":12,"s":[0],"e":[14]},{"i":{"x":[0.667],"y":[1]},"o":{"x":[0.333],"y":[0]},"t":18,"s":[14],"e":[0]},{"t":24}],"ix":10},"p":{"a":0,"k":[80,137.375,0],"ix":2},"a":{"a":0,"k":[72,128.375,0],"ix":1},"s":{"a":0,"k":[100,100,100],"ix":6}},"ao":0,"ip":0,"op":25,"st":0,"bm":0},{"ddd":0,"ind":7,"ty":2,"nm":"阴影/爱心1.psd","cl":"psd","refId":"image_6","sr":1,"ks":{"o":{"a":0,"k":4,"ix":11},"r":{"a":0,"k":0,"ix":10},"p":{"a":0,"k":[80,139,0],"ix":2},"a":{"a":0,"k":[20,5,0],"ix":1},"s":{"a":0,"k":[100,100,100],"ix":6}},"ao":0,"ip":0,"op":25,"st":0,"bm":0}],"markers":[]}