{"v":"5.9.3","fr":30,"ip":0,"op":30,"w":90,"h":80,"nm":"亲密度输出","ddd":0,"assets":[{"id":"image_0","w":84,"h":78,"u":"images/","p":"img_0.png","e":0},{"id":"image_1","w":73,"h":62,"u":"images/","p":"img_1.png","e":0},{"id":"image_2","w":73,"h":62,"u":"images/","p":"img_2.png","e":0},{"id":"image_3","w":120,"h":120,"u":"images/","p":"img_3.png","e":0},{"id":"image_4","w":120,"h":120,"u":"images/","p":"img_4.png","e":0},{"id":"image_5","w":120,"h":120,"u":"images/","p":"img_5.png","e":0},{"id":"image_6","w":120,"h":120,"u":"images/","p":"img_6.png","e":0},{"id":"image_7","w":120,"h":120,"u":"images/","p":"img_7.png","e":0},{"id":"image_8","w":120,"h":120,"u":"images/","p":"img_8.png","e":0},{"id":"image_9","w":120,"h":120,"u":"images/","p":"img_9.png","e":0},{"id":"image_10","w":120,"h":120,"u":"images/","p":"img_10.png","e":0},{"id":"image_11","w":120,"h":120,"u":"images/","p":"img_11.png","e":0},{"id":"image_12","w":120,"h":120,"u":"images/","p":"img_12.png","e":0},{"id":"image_13","w":120,"h":120,"u":"images/","p":"img_13.png","e":0},{"id":"image_14","w":120,"h":120,"u":"images/","p":"img_14.png","e":0},{"id":"image_15","w":120,"h":120,"u":"images/","p":"img_15.png","e":0},{"id":"image_16","w":120,"h":120,"u":"images/","p":"img_16.png","e":0},{"id":"image_17","w":120,"h":120,"u":"images/","p":"img_17.png","e":0},{"id":"comp_0","nm":"湍流 导出","fr":30,"layers":[{"ddd":0,"ind":3,"ty":2,"nm":"湍流 导出_00000.png","cl":"png","refId":"image_3","sr":1,"ks":{"o":{"a":0,"k":100,"ix":11},"r":{"a":0,"k":0,"ix":10},"p":{"a":0,"k":[60,60,0],"ix":2,"l":2},"a":{"a":0,"k":[60,60,0],"ix":1,"l":2},"s":{"a":0,"k":[100,100,100],"ix":6,"l":2}},"ao":0,"ip":0,"op":2,"st":0,"bm":0},{"ddd":0,"ind":4,"ty":2,"nm":"湍流 导出_00002.png","cl":"png","refId":"image_4","sr":1,"ks":{"o":{"a":0,"k":100,"ix":11},"r":{"a":0,"k":0,"ix":10},"p":{"a":0,"k":[60,60,0],"ix":2,"l":2},"a":{"a":0,"k":[60,60,0],"ix":1,"l":2},"s":{"a":0,"k":[100,100,100],"ix":6,"l":2}},"ao":0,"ip":2,"op":4,"st":2,"bm":0},{"ddd":0,"ind":5,"ty":2,"nm":"湍流 导出_00004.png","cl":"png","refId":"image_5","sr":1,"ks":{"o":{"a":0,"k":100,"ix":11},"r":{"a":0,"k":0,"ix":10},"p":{"a":0,"k":[60,60,0],"ix":2,"l":2},"a":{"a":0,"k":[60,60,0],"ix":1,"l":2},"s":{"a":0,"k":[100,100,100],"ix":6,"l":2}},"ao":0,"ip":4,"op":6,"st":4,"bm":0},{"ddd":0,"ind":6,"ty":2,"nm":"湍流 导出_00006.png","cl":"png","refId":"image_6","sr":1,"ks":{"o":{"a":0,"k":100,"ix":11},"r":{"a":0,"k":0,"ix":10},"p":{"a":0,"k":[60,60,0],"ix":2,"l":2},"a":{"a":0,"k":[60,60,0],"ix":1,"l":2},"s":{"a":0,"k":[100,100,100],"ix":6,"l":2}},"ao":0,"ip":6,"op":8,"st":6,"bm":0},{"ddd":0,"ind":7,"ty":2,"nm":"湍流 导出_00008.png","cl":"png","refId":"image_7","sr":1,"ks":{"o":{"a":0,"k":100,"ix":11},"r":{"a":0,"k":0,"ix":10},"p":{"a":0,"k":[60,60,0],"ix":2,"l":2},"a":{"a":0,"k":[60,60,0],"ix":1,"l":2},"s":{"a":0,"k":[100,100,100],"ix":6,"l":2}},"ao":0,"ip":8,"op":10,"st":8,"bm":0},{"ddd":0,"ind":8,"ty":2,"nm":"湍流 导出_00010.png","cl":"png","refId":"image_8","sr":1,"ks":{"o":{"a":0,"k":100,"ix":11},"r":{"a":0,"k":0,"ix":10},"p":{"a":0,"k":[60,60,0],"ix":2,"l":2},"a":{"a":0,"k":[60,60,0],"ix":1,"l":2},"s":{"a":0,"k":[100,100,100],"ix":6,"l":2}},"ao":0,"ip":10,"op":12,"st":10,"bm":0},{"ddd":0,"ind":9,"ty":2,"nm":"湍流 导出_00012.png","cl":"png","refId":"image_9","sr":1,"ks":{"o":{"a":0,"k":100,"ix":11},"r":{"a":0,"k":0,"ix":10},"p":{"a":0,"k":[60,60,0],"ix":2,"l":2},"a":{"a":0,"k":[60,60,0],"ix":1,"l":2},"s":{"a":0,"k":[100,100,100],"ix":6,"l":2}},"ao":0,"ip":12,"op":14,"st":12,"bm":0},{"ddd":0,"ind":10,"ty":2,"nm":"湍流 导出_00014.png","cl":"png","refId":"image_10","sr":1,"ks":{"o":{"a":0,"k":100,"ix":11},"r":{"a":0,"k":0,"ix":10},"p":{"a":0,"k":[60,60,0],"ix":2,"l":2},"a":{"a":0,"k":[60,60,0],"ix":1,"l":2},"s":{"a":0,"k":[100,100,100],"ix":6,"l":2}},"ao":0,"ip":14,"op":16,"st":14,"bm":0},{"ddd":0,"ind":11,"ty":2,"nm":"湍流 导出_00016.png","cl":"png","refId":"image_11","sr":1,"ks":{"o":{"a":0,"k":100,"ix":11},"r":{"a":0,"k":0,"ix":10},"p":{"a":0,"k":[60,60,0],"ix":2,"l":2},"a":{"a":0,"k":[60,60,0],"ix":1,"l":2},"s":{"a":0,"k":[100,100,100],"ix":6,"l":2}},"ao":0,"ip":16,"op":18,"st":16,"bm":0},{"ddd":0,"ind":12,"ty":2,"nm":"湍流 导出_00018.png","cl":"png","refId":"image_12","sr":1,"ks":{"o":{"a":0,"k":100,"ix":11},"r":{"a":0,"k":0,"ix":10},"p":{"a":0,"k":[60,60,0],"ix":2,"l":2},"a":{"a":0,"k":[60,60,0],"ix":1,"l":2},"s":{"a":0,"k":[100,100,100],"ix":6,"l":2}},"ao":0,"ip":18,"op":20,"st":18,"bm":0},{"ddd":0,"ind":13,"ty":2,"nm":"湍流 导出_00020.png","cl":"png","refId":"image_13","sr":1,"ks":{"o":{"a":0,"k":100,"ix":11},"r":{"a":0,"k":0,"ix":10},"p":{"a":0,"k":[60,60,0],"ix":2,"l":2},"a":{"a":0,"k":[60,60,0],"ix":1,"l":2},"s":{"a":0,"k":[100,100,100],"ix":6,"l":2}},"ao":0,"ip":20,"op":22,"st":20,"bm":0},{"ddd":0,"ind":14,"ty":2,"nm":"湍流 导出_00022.png","cl":"png","refId":"image_14","sr":1,"ks":{"o":{"a":0,"k":100,"ix":11},"r":{"a":0,"k":0,"ix":10},"p":{"a":0,"k":[60,60,0],"ix":2,"l":2},"a":{"a":0,"k":[60,60,0],"ix":1,"l":2},"s":{"a":0,"k":[100,100,100],"ix":6,"l":2}},"ao":0,"ip":22,"op":24,"st":22,"bm":0},{"ddd":0,"ind":15,"ty":2,"nm":"湍流 导出_00024.png","cl":"png","refId":"image_15","sr":1,"ks":{"o":{"a":0,"k":100,"ix":11},"r":{"a":0,"k":0,"ix":10},"p":{"a":0,"k":[60,60,0],"ix":2,"l":2},"a":{"a":0,"k":[60,60,0],"ix":1,"l":2},"s":{"a":0,"k":[100,100,100],"ix":6,"l":2}},"ao":0,"ip":24,"op":26,"st":24,"bm":0},{"ddd":0,"ind":16,"ty":2,"nm":"湍流 导出_00026.png","cl":"png","refId":"image_16","sr":1,"ks":{"o":{"a":0,"k":100,"ix":11},"r":{"a":0,"k":0,"ix":10},"p":{"a":0,"k":[60,60,0],"ix":2,"l":2},"a":{"a":0,"k":[60,60,0],"ix":1,"l":2},"s":{"a":0,"k":[100,100,100],"ix":6,"l":2}},"ao":0,"ip":26,"op":28,"st":26,"bm":0},{"ddd":0,"ind":17,"ty":2,"nm":"湍流 导出_00028.png","cl":"png","refId":"image_17","sr":1,"ks":{"o":{"a":0,"k":100,"ix":11},"r":{"a":0,"k":0,"ix":10},"p":{"a":0,"k":[60,60,0],"ix":2,"l":2},"a":{"a":0,"k":[60,60,0],"ix":1,"l":2},"s":{"a":0,"k":[100,100,100],"ix":6,"l":2}},"ao":0,"ip":28,"op":30,"st":28,"bm":0}]}],"layers":[{"ddd":0,"ind":9,"ty":2,"nm":"高光.png","cl":"png","refId":"image_0","sr":1,"ks":{"o":{"a":0,"k":100,"ix":11},"r":{"a":0,"k":0,"ix":10},"p":{"a":0,"k":[30.5,32,0],"ix":2,"l":2},"a":{"a":0,"k":[42,39,0],"ix":1,"l":2},"s":{"a":0,"k":[100,100,100],"ix":6,"l":2}},"ao":0,"ip":0,"op":31,"st":0,"bm":0},{"ddd":0,"ind":10,"ty":2,"nm":"底","refId":"image_1","sr":1,"ks":{"o":{"a":0,"k":100,"ix":11},"r":{"a":0,"k":0,"ix":10},"p":{"a":0,"k":[45.25,42.5,0],"ix":2,"l":2},"a":{"a":0,"k":[36.5,31,0],"ix":1,"l":2},"s":{"a":0,"k":[100,100,100],"ix":6,"l":2}},"ao":0,"ip":0,"op":31,"st":0,"bm":0},{"ddd":0,"ind":13,"ty":2,"nm":"蒙版.png","cl":"png","td":1,"refId":"image_2","sr":1,"ks":{"o":{"a":0,"k":100,"ix":11},"r":{"a":0,"k":0,"ix":10},"p":{"a":0,"k":[45,42.5,0],"ix":2,"l":2},"a":{"a":0,"k":[36.5,31,0],"ix":1,"l":2},"s":{"a":0,"k":[100,100,100],"ix":6,"l":2}},"ao":0,"ip":0,"op":31,"st":0,"bm":0},{"ddd":0,"ind":14,"ty":0,"nm":"湍流 导出","tt":1,"refId":"comp_0","sr":1,"ks":{"o":{"a":0,"k":100,"ix":11},"r":{"a":0,"k":0,"ix":10},"p":{"a":0,"k":[45,89.625,0],"ix":2,"l":2},"a":{"a":0,"k":[60,60,0],"ix":1,"l":2},"s":{"a":0,"k":[100,100,100],"ix":6,"l":2}},"ao":0,"w":120,"h":120,"ip":0,"op":30,"st":0,"bm":0}],"markers":[]}